"","datetime","site","SY","DOSY","Obs_alb","NSWIR_alb","VIS_alb","depth_m","depth_diff_m","Tavg_C","numDE","CLASS_alb","VFSA_alb"
"1",2007-10-17 00:00:00,"SBSP","SY2008",47,NA,NA,NA,NA,NA,NA,NA,NA,NA
"2",2007-10-17 01:00:00,"SBSP","SY2008",47,NA,NA,NA,NA,NA,NA,NA,NA,NA
"3",2007-10-17 02:00:00,"SBSP","SY2008",47,NA,NA,NA,NA,NA,NA,NA,NA,NA
"4",2007-10-17 03:00:00,"SBSP","SY2008",47,NA,NA,NA,NA,NA,NA,NA,NA,NA
"5",2007-10-17 04:00:00,"SBSP","SY2008",47,NA,NA,NA,NA,NA,NA,NA,NA,NA
"6",2007-10-17 05:00:00,"SBSP","SY2008",47,NA,NA,NA,NA,NA,NA,NA,NA,NA
"7",2007-10-17 06:00:00,"SBSP","SY2008",47,0.92,0.86,0.952459016393442,0.19,-0.01,-6.544,0,0.837227814262946,0.822613652936744
"8",2007-10-17 07:00:00,"SBSP","SY2008",47,0.91,0.85,0.951292458876308,0.25,0.06,-6.56,0,0.84,0.837017342425793
"9",2007-10-17 08:00:00,"SBSP","SY2008",47,0.9,0.82,0.95959595959596,0.23,-0.02,-6.726,0,0.838606976724883,0.833840205175822
"10",2007-10-17 09:00:00,"SBSP","SY2008",47,0.88,0.79,0.9581589958159,0.22,-0.01,-6.476,0,0.837227814262946,0.830678913963993
"11",2007-10-17 10:00:00,"SBSP","SY2008",47,0.83,0.72,0.946610677864427,0.22,0,-6.078,0,0.835862374696791,0.827533389757861
"12",2007-10-17 11:00:00,"SBSP","SY2008",47,0.85,0.74,0.959896507115136,0.22,0,-5.582,0,0.834510521481325,0.824403553919157
"13",2007-10-17 12:00:00,"SBSP","SY2008",47,0.88,0.78,0.962880143112701,0.22,0,-4.3735,0,0.8331721194301,0.821289328201823
"14",2007-10-17 13:00:00,"SBSP","SY2008",47,0.88,0.78,0.963235294117647,0.22,0,-6.304,0,0.831847034701795,0.818190634750052
"15",2007-10-17 14:00:00,"SBSP","SY2008",47,0.92,0.86,0.954613935969868,0.25,0.03,-6.5725,0,0.84,0.826461171883557
"16",2007-10-17 15:00:00,"SBSP","SY2008",47,0.92,0.84,0.961838259175057,0.25,0,-7.4935,0,0.838606976724883,0.823336683753811
"17",2007-10-17 16:00:00,"SBSP","SY2008",47,0.93,0.87,0.964720705585888,0.29,0.04,-8.09,0,0.84,0.83324402704829
"18",2007-10-17 17:00:00,"SBSP","SY2008",47,0.98,0.9,1.02688172043011,NA,NA,NA,NA,NA,NA
"19",2007-10-17 18:00:00,"SBSP","SY2008",47,NA,NA,NA,NA,NA,NA,NA,NA,NA
"20",2007-10-17 19:00:00,"SBSP","SY2008",47,NA,NA,NA,NA,NA,NA,NA,NA,NA
"21",2007-10-17 20:00:00,"SBSP","SY2008",47,NA,NA,NA,NA,NA,NA,NA,NA,NA
"22",2007-10-17 21:00:00,"SBSP","SY2008",47,NA,NA,NA,NA,NA,NA,NA,NA,NA
"23",2007-10-17 22:00:00,"SBSP","SY2008",47,NA,NA,NA,NA,NA,NA,NA,NA,NA
"24",2007-10-17 23:00:00,"SBSP","SY2008",47,NA,NA,NA,NA,NA,NA,NA,NA,NA
"25",2007-10-18 00:00:00,"SBSP","SY2008",48,NA,NA,NA,NA,NA,NA,NA,NA,NA
"26",2007-10-18 01:00:00,"SBSP","SY2008",48,NA,NA,NA,NA,NA,NA,NA,NA,NA
"27",2007-10-18 02:00:00,"SBSP","SY2008",48,NA,NA,NA,NA,NA,NA,NA,NA,NA
"28",2007-10-18 03:00:00,"SBSP","SY2008",48,NA,NA,NA,NA,NA,NA,NA,NA,NA
"29",2007-10-18 04:00:00,"SBSP","SY2008",48,NA,NA,NA,NA,NA,NA,NA,NA,NA
"30",2007-10-18 05:00:00,"SBSP","SY2008",48,NA,NA,NA,NA,NA,NA,NA,NA,NA
"31",2007-10-18 06:00:00,"SBSP","SY2008",48,0.95,0.85,1.04182041820418,0.14,0.02,-11.82,0,0.84,0.823794271485473
"32",2007-10-18 07:00:00,"SBSP","SY2008",48,0.95,0.83,1.0534408400525,0.14,0,-11.97,0,0.838606976724883,0.820683084576953
"33",2007-10-18 08:00:00,"SBSP","SY2008",48,0.97,0.86,1.06813417190776,0.13,-0.01,-11.83,0,0.837227814262946,0.817587414777876
"34",2007-10-18 09:00:00,"SBSP","SY2008",48,NA,0.89,NA,NA,NA,NA,NA,NA,NA
"35",2007-10-18 10:00:00,"SBSP","SY2008",48,NA,0.78,NA,NA,NA,NA,NA,NA,NA
"36",2007-10-18 11:00:00,"SBSP","SY2008",48,0.96,0.73,1.28795066413662,0.11,0,-8.355,0,0.8331721194301,0.808392736046275
"37",2007-10-18 12:00:00,"SBSP","SY2008",48,0.91,0.74,1.09760956175299,0.12,0.01,-8.545,0,0.84,0.812832969750374
"38",2007-10-18 13:00:00,"SBSP","SY2008",48,0.84,0.71,0.955256064690027,0.12,0,-8.455,0,0.838606976724883,0.809776452562334
"39",2007-10-18 14:00:00,"SBSP","SY2008",48,0.88,0.64,1.29261363636364,0.12,0,-8.475,0,0.837227814262946,0.806735179817367
"40",2007-10-18 15:00:00,"SBSP","SY2008",48,0.6,0.51,0.687250996015936,0.12,0,-7.635,0,0.835862374696791,0.803709075483496
"41",2007-10-18 16:00:00,"SBSP","SY2008",48,NA,NA,NA,NA,NA,NA,NA,NA,NA
"42",2007-10-18 17:00:00,"SBSP","SY2008",48,NA,NA,NA,NA,NA,NA,NA,NA,NA
"43",2007-10-18 18:00:00,"SBSP","SY2008",48,NA,NA,NA,NA,NA,NA,NA,NA,NA
"44",2007-10-18 19:00:00,"SBSP","SY2008",48,NA,NA,NA,NA,NA,NA,NA,NA,NA
"45",2007-10-18 20:00:00,"SBSP","SY2008",48,NA,NA,NA,NA,NA,NA,NA,NA,NA
"46",2007-10-18 21:00:00,"SBSP","SY2008",48,NA,NA,NA,NA,NA,NA,NA,NA,NA
"47",2007-10-18 22:00:00,"SBSP","SY2008",48,NA,NA,NA,NA,NA,NA,NA,NA,NA
"48",2007-10-18 23:00:00,"SBSP","SY2008",48,NA,NA,NA,NA,NA,NA,NA,NA,NA
"49",2007-10-19 00:00:00,"SBSP","SY2008",49,NA,NA,NA,NA,NA,NA,NA,NA,NA
"50",2007-10-19 01:00:00,"SBSP","SY2008",49,NA,NA,NA,NA,NA,NA,NA,NA,NA
"51",2007-10-19 02:00:00,"SBSP","SY2008",49,NA,NA,NA,NA,NA,NA,NA,NA,NA
"52",2007-10-19 03:00:00,"SBSP","SY2008",49,NA,NA,NA,NA,NA,NA,NA,NA,NA
"53",2007-10-19 04:00:00,"SBSP","SY2008",49,NA,NA,NA,NA,NA,NA,NA,NA,NA
"54",2007-10-19 05:00:00,"SBSP","SY2008",49,NA,NA,NA,NA,NA,NA,NA,NA,NA
"55",2007-10-19 06:00:00,"SBSP","SY2008",49,NA,NA,NA,NA,NA,NA,NA,NA,NA
"56",2007-10-19 07:00:00,"SBSP","SY2008",49,0.86,0.74,1.00740740740741,0.1,-0.01,-3.245,0,0.820499116699508,0.765201889957102
"57",2007-10-19 08:00:00,"SBSP","SY2008",49,0.82,0.68,0.980986639260021,0.11,0.01,-1.2355,0,0.84,0.778609340017385
"58",2007-10-19 09:00:00,"SBSP","SY2008",49,0.8,0.69,0.913324269204623,0.1,-0.01,0.2465,0,0.836616943474717,0.77572351389474
"59",2007-10-19 10:00:00,"SBSP","SY2008",49,0.78,0.74,0.825929752066116,0.09,-0.01,1.01,0,0.833267548924297,0.772852080889928
"60",2007-10-19 11:00:00,"SBSP","SY2008",49,0.78,0.65,0.927568163040485,0.09,0,2.1095,0,0.829951481406493,0.769994969216974
"61",2007-10-19 12:00:00,"SBSP","SY2008",49,0.77,0.63,0.920044730220856,0.09,0,3.502,0,0.82666840931179,0.764323424511127
"62",2007-10-19 13:00:00,"SBSP","SY2008",49,0.74,0.61,0.897049591964846,0.08,-0.01,3.8985,0,0.823418004330243,0.758708312618003
"63",2007-10-19 14:00:00,"SBSP","SY2008",49,0.9,0.6,1.5440666204025,0.07,-0.01,4.4105,0,0.820199941418644,0.753149072021732
"64",2007-10-19 15:00:00,"SBSP","SY2008",49,0.62,0.49,0.753949579831933,0.08,0.01,4.5755,0,0.84,0.747645146793623
"65",2007-10-19 16:00:00,"SBSP","SY2008",49,NA,NA,NA,NA,NA,NA,NA,NA,NA
"66",2007-10-19 17:00:00,"SBSP","SY2008",49,NA,NA,NA,NA,NA,NA,NA,NA,NA
"67",2007-10-19 18:00:00,"SBSP","SY2008",49,NA,NA,NA,NA,NA,NA,NA,NA,NA
"68",2007-10-19 19:00:00,"SBSP","SY2008",49,NA,NA,NA,NA,NA,NA,NA,NA,NA
"69",2007-10-19 20:00:00,"SBSP","SY2008",49,NA,NA,NA,NA,NA,NA,NA,NA,NA
"70",2007-10-19 21:00:00,"SBSP","SY2008",49,NA,NA,NA,NA,NA,NA,NA,NA,NA
"71",2007-10-19 22:00:00,"SBSP","SY2008",49,NA,NA,NA,NA,NA,NA,NA,NA,NA
"72",2007-10-19 23:00:00,"SBSP","SY2008",49,NA,NA,NA,NA,NA,NA,NA,NA,NA
"73",2007-10-20 00:00:00,"SBSP","SY2008",50,NA,NA,NA,NA,NA,NA,NA,NA,NA
"74",2007-10-20 01:00:00,"SBSP","SY2008",50,NA,NA,NA,NA,NA,NA,NA,NA,NA
"75",2007-10-20 02:00:00,"SBSP","SY2008",50,NA,NA,NA,NA,NA,NA,NA,NA,NA
"76",2007-10-20 03:00:00,"SBSP","SY2008",50,NA,NA,NA,NA,NA,NA,NA,NA,NA
"77",2007-10-20 04:00:00,"SBSP","SY2008",50,NA,NA,NA,NA,NA,NA,NA,NA,NA
"78",2007-10-20 05:00:00,"SBSP","SY2008",50,NA,NA,NA,NA,NA,NA,NA,NA,NA
"79",2007-10-20 06:00:00,"SBSP","SY2008",50,0.88,0.84,0.943285528031291,0.08,0,2.5435,0,0.82666840931179,0.749175263826585
"80",2007-10-20 07:00:00,"SBSP","SY2008",50,0.81,0.7,0.950597609561753,0.08,0,2.241,0,0.823418004330243,0.746436240771386
"81",2007-10-20 08:00:00,"SBSP","SY2008",50,0.78,0.66,0.924232527759634,0.07,-0.01,1.7835,0,0.820199941418644,0.743710878650666
"82",2007-10-20 09:00:00,"SBSP","SY2008",50,0.76,0.65,0.899337410805301,0.07,0,2.7495,0,0.817013898768022,0.740999109330231
"83",2007-10-20 10:00:00,"SBSP","SY2008",50,0.73,0.65,0.809534368070953,0.06,-0.01,4.171,0,0.813859557771456,0.735616078250844
"84",2007-10-20 11:00:00,"SBSP","SY2008",50,0.71,0.57,0.884656652360515,0.06,0,4.7325,0,0.810736602992217,0.730286609225629
"85",2007-10-20 12:00:00,"SBSP","SY2008",50,0.73,0.59,0.877694859038143,0.06,0,4.442,0,0.807644722132226,0.725010169303244
"86",2007-10-20 13:00:00,"SBSP","SY2008",50,0.74,0.6,0.877729257641921,0.05,-0.01,3.437,0,0.804583606000819,0.7197862308353
"87",2007-10-20 14:00:00,"SBSP","SY2008",50,0.88,0.57,1.4753036437247,0.06,0.01,2.86,0,0.84,0.742265037352429
"88",2007-10-20 15:00:00,"SBSP","SY2008",50,0.68,0.54,0.83730522456462,0.06,0,3.367,0,0.836616943474717,0.736869410078759
"89",2007-10-20 16:00:00,"SBSP","SY2008",50,0.74,0.6,0.870842751049403,0.05,-0.01,2.831,0,0.833267548924297,0.734191762725179
"90",2007-10-20 17:00:00,"SBSP","SY2008",50,0.8,0.74,0.847715736040609,0.06,0.01,2.361,0,0.84,0.753649493791819
"91",2007-10-20 18:00:00,"SBSP","SY2008",50,NA,NA,NA,NA,NA,NA,NA,NA,NA
"92",2007-10-20 19:00:00,"SBSP","SY2008",50,NA,NA,NA,NA,NA,NA,NA,NA,NA
"93",2007-10-20 20:00:00,"SBSP","SY2008",50,NA,NA,NA,NA,NA,NA,NA,NA,NA
"94",2007-10-20 21:00:00,"SBSP","SY2008",50,NA,NA,NA,NA,NA,NA,NA,NA,NA
"95",2007-10-20 22:00:00,"SBSP","SY2008",50,NA,NA,NA,NA,NA,NA,NA,NA,NA
"96",2007-10-20 23:00:00,"SBSP","SY2008",50,NA,NA,NA,NA,NA,NA,NA,NA,NA
"97",2007-10-21 00:00:00,"SBSP","SY2008",51,NA,NA,NA,NA,NA,NA,NA,NA,NA
"98",2007-10-21 01:00:00,"SBSP","SY2008",51,NA,NA,NA,NA,NA,NA,NA,NA,NA
"99",2007-10-21 02:00:00,"SBSP","SY2008",51,NA,NA,NA,NA,NA,NA,NA,NA,NA
"100",2007-10-21 03:00:00,"SBSP","SY2008",51,NA,NA,NA,NA,NA,NA,NA,NA,NA
"101",2007-10-21 04:00:00,"SBSP","SY2008",51,NA,NA,NA,NA,NA,NA,NA,NA,NA
"102",2007-10-21 05:00:00,"SBSP","SY2008",51,NA,NA,NA,NA,NA,NA,NA,NA,NA
"103",2007-10-21 06:00:00,"SBSP","SY2008",51,0.94,0.89,0.974704890387858,0.22,0.04,-13.23,0,0.84,0.831828664668274
"104",2007-10-21 07:00:00,"SBSP","SY2008",51,0.92,0.85,0.98093046194312,0.22,0,-12.89,0,0.838606976724883,0.828677406056582
"105",2007-10-21 08:00:00,"SBSP","SY2008",51,0.92,0.85,0.98286203941731,0.24,0.02,-12.805,0,0.84,0.832304508803084
"106",2007-10-21 09:00:00,"SBSP","SY2008",51,0.92,0.84,0.980240549828179,0.24,0,-12.69,0,0.838606976724883,0.829150876908868
"107",2007-10-21 10:00:00,"SBSP","SY2008",51,0.91,0.83,0.973790951638066,0.26,0.02,-11.77,0,0.84,0.832859904855183
"108",2007-10-21 11:00:00,"SBSP","SY2008",51,0.91,0.82,0.975481067659839,0.26,0,-11.23,0,0.838606976724883,0.8297035029116
"109",2007-10-21 12:00:00,"SBSP","SY2008",51,0.91,0.83,0.973693319487712,0.29,0.03,-11.04,0,0.84,0.835922042999814
"110",2007-10-21 13:00:00,"SBSP","SY2008",51,0.89,0.8,0.974418604651163,0.3,0.01,-11.275,0,0.84,0.83621990913006
"111",2007-10-21 14:00:00,"SBSP","SY2008",51,0.89,0.8,0.976321585903084,0.25,-0.05,-10.82,0,0.838606976724883,0.833046749095244
"112",2007-10-21 15:00:00,"SBSP","SY2008",51,0.89,0.79,0.973380447585395,0.25,0,-11.575,0,0.837227814262946,0.829889415262127
"113",2007-10-21 16:00:00,"SBSP","SY2008",51,0.92,0.83,0.968534151957023,0.26,0.01,-11.645,0,0.84,0.831089982463461
"114",2007-10-21 17:00:00,"SBSP","SY2008",51,1,NA,NA,NA,NA,NA,NA,NA,NA
"115",2007-10-21 18:00:00,"SBSP","SY2008",51,NA,NA,NA,NA,NA,NA,NA,NA,NA
"116",2007-10-21 19:00:00,"SBSP","SY2008",51,NA,NA,NA,NA,NA,NA,NA,NA,NA
"117",2007-10-21 20:00:00,"SBSP","SY2008",51,NA,NA,NA,NA,NA,NA,NA,NA,NA
"118",2007-10-21 21:00:00,"SBSP","SY2008",51,NA,NA,NA,NA,NA,NA,NA,NA,NA
"119",2007-10-21 22:00:00,"SBSP","SY2008",51,NA,NA,NA,NA,NA,NA,NA,NA,NA
"120",2007-10-21 23:00:00,"SBSP","SY2008",51,NA,NA,NA,NA,NA,NA,NA,NA,NA
"121",2007-10-22 00:00:00,"SBSP","SY2008",52,NA,NA,NA,NA,NA,NA,NA,NA,NA
"122",2007-10-22 01:00:00,"SBSP","SY2008",52,NA,NA,NA,NA,NA,NA,NA,NA,NA
"123",2007-10-22 02:00:00,"SBSP","SY2008",52,NA,NA,NA,NA,NA,NA,NA,NA,NA
"124",2007-10-22 03:00:00,"SBSP","SY2008",52,NA,NA,NA,NA,NA,NA,NA,NA,NA
"125",2007-10-22 04:00:00,"SBSP","SY2008",52,NA,NA,NA,NA,NA,NA,NA,NA,NA
"126",2007-10-22 05:00:00,"SBSP","SY2008",52,NA,NA,NA,NA,NA,NA,NA,NA,NA
"127",2007-10-22 06:00:00,"SBSP","SY2008",52,NA,NA,NA,NA,NA,NA,NA,NA,NA
"128",2007-10-22 07:00:00,"SBSP","SY2008",52,0.89,0.78,1.0259009009009,0.1,0.02,-12.365,0,0.84,0.816778760071238
"129",2007-10-22 08:00:00,"SBSP","SY2008",52,0.84,0.72,0.995270625328429,0.12,0.02,-11.09,0,0.84,0.821813884677285
"130",2007-10-22 09:00:00,"SBSP","SY2008",52,0.82,0.73,0.918604651162791,0.1,-0.02,-10.07,0,0.838606976724883,0.818712574989178
"131",2007-10-22 10:00:00,"SBSP","SY2008",52,0.8,0.76,0.845930998156439,0.1,0,-8.79,0,0.837227814262946,0.815626733147671
"132",2007-10-22 11:00:00,"SBSP","SY2008",52,0.8,0.67,0.948569856985698,0.09,-0.01,-7.397,0,0.835862374696791,0.812556282006556
"133",2007-10-22 12:00:00,"SBSP","SY2008",52,0.79,0.66,0.940356744704571,0.08,-0.01,-6.413,0,0.834510521481325,0.809501144804395
"134",2007-10-22 13:00:00,"SBSP","SY2008",52,0.77,0.65,0.921972534332085,0.09,0.01,-5.0935,0,0.84,0.813437097416059
"135",2007-10-22 14:00:00,"SBSP","SY2008",52,0.97,0.63,1.78844652615144,0.09,0,-4.3575,0,0.838606976724883,0.810377567128716
"136",2007-10-22 15:00:00,"SBSP","SY2008",52,0.68,0.55,0.80743961352657,0.08,-0.01,-3.5105,0,0.837227814262946,0.807333296312342
"137",2007-10-22 16:00:00,"SBSP","SY2008",52,0.97,NA,NA,0.09,0.01,-3.9155,0,0.84,0.811723882179466
"138",2007-10-22 17:00:00,"SBSP","SY2008",52,NA,NA,NA,NA,NA,NA,NA,NA,NA
"139",2007-10-22 18:00:00,"SBSP","SY2008",52,NA,NA,NA,NA,NA,NA,NA,NA,NA
"140",2007-10-22 19:00:00,"SBSP","SY2008",52,NA,NA,NA,NA,NA,NA,NA,NA,NA
"141",2007-10-22 20:00:00,"SBSP","SY2008",52,NA,NA,NA,NA,NA,NA,NA,NA,NA
"142",2007-10-22 21:00:00,"SBSP","SY2008",52,NA,NA,NA,NA,NA,NA,NA,NA,NA
"143",2007-10-22 22:00:00,"SBSP","SY2008",52,NA,NA,NA,NA,NA,NA,NA,NA,NA
"144",2007-10-22 23:00:00,"SBSP","SY2008",52,NA,NA,NA,NA,NA,NA,NA,NA,NA
"145",2007-10-23 00:00:00,"SBSP","SY2008",53,NA,NA,NA,NA,NA,NA,NA,NA,NA
"146",2007-10-23 01:00:00,"SBSP","SY2008",53,NA,NA,NA,NA,NA,NA,NA,NA,NA
"147",2007-10-23 02:00:00,"SBSP","SY2008",53,NA,NA,NA,NA,NA,NA,NA,NA,NA
"148",2007-10-23 03:00:00,"SBSP","SY2008",53,NA,NA,NA,NA,NA,NA,NA,NA,NA
"149",2007-10-23 04:00:00,"SBSP","SY2008",53,NA,NA,NA,NA,NA,NA,NA,NA,NA
"150",2007-10-23 05:00:00,"SBSP","SY2008",53,NA,NA,NA,NA,NA,NA,NA,NA,NA
"151",2007-10-23 06:00:00,"SBSP","SY2008",53,NA,NA,NA,NA,NA,NA,NA,NA,NA
"152",2007-10-23 07:00:00,"SBSP","SY2008",53,0.82,0.71,0.969519343493552,0.05,-0.01,0.2355,0,0.835237781012779,0.788181490238349
"153",2007-10-23 08:00:00,"SBSP","SY2008",53,0.78,0.65,0.942903752039152,0.06,0.01,2.6615,0,0.84,0.796316693152922
"154",2007-10-23 09:00:00,"SBSP","SY2008",53,0.76,0.66,0.870922483339179,0.05,-0.01,3.503,0,0.836616943474717,0.790383242917904
"155",2007-10-23 10:00:00,"SBSP","SY2008",53,0.75,0.69,0.79260668659962,0.03,-0.02,4.305,0,0.833267548924297,0.784508831499166
"156",2007-10-23 11:00:00,"SBSP","SY2008",53,0.73,0.6,0.881714285714286,0.04,0.01,6.5095,0,0.84,0.77869287145067
"157",2007-10-23 12:00:00,"SBSP","SY2008",53,0.7,0.57,0.85929203539823,0.02,-0.02,7.9765,0,0.836616943474717,0.772934781171564
"158",2007-10-23 13:00:00,"SBSP","SY2008",53,0.67,0.54,0.836985391766268,0.04,0.02,10.22,0,0.84,0.0947796243630665
"159",2007-10-23 14:00:00,"SBSP","SY2008",53,0.84,0.52,1.6704347826087,0.04,0,9.83,0,0.836616943474717,0.0958265845936289
"160",2007-10-23 15:00:00,"SBSP","SY2008",53,0.58,0.46,0.710509554140127,0.05,0.01,9.115,0,0.84,0.0968631273958393
"161",2007-10-23 16:00:00,"SBSP","SY2008",53,NA,NA,NA,NA,NA,NA,NA,NA,NA
"162",2007-10-23 17:00:00,"SBSP","SY2008",53,NA,NA,NA,NA,NA,NA,NA,NA,NA
"163",2007-10-23 18:00:00,"SBSP","SY2008",53,NA,NA,NA,NA,NA,NA,NA,NA,NA
"164",2007-10-23 19:00:00,"SBSP","SY2008",53,NA,NA,NA,NA,NA,NA,NA,NA,NA
"165",2007-10-23 20:00:00,"SBSP","SY2008",53,NA,NA,NA,NA,NA,NA,NA,NA,NA
"166",2007-10-23 21:00:00,"SBSP","SY2008",53,NA,NA,NA,NA,NA,NA,NA,NA,NA
"167",2007-10-23 22:00:00,"SBSP","SY2008",53,NA,NA,NA,NA,NA,NA,NA,NA,NA
"168",2007-10-23 23:00:00,"SBSP","SY2008",53,NA,NA,NA,NA,NA,NA,NA,NA,NA
"169",2007-10-24 00:00:00,"SBSP","SY2008",54,NA,NA,NA,NA,NA,NA,NA,NA,NA
"170",2007-10-24 01:00:00,"SBSP","SY2008",54,NA,NA,NA,NA,NA,NA,NA,NA,NA
"171",2007-10-24 02:00:00,"SBSP","SY2008",54,NA,NA,NA,NA,NA,NA,NA,NA,NA
"172",2007-10-24 03:00:00,"SBSP","SY2008",54,NA,NA,NA,NA,NA,NA,NA,NA,NA
"173",2007-10-24 04:00:00,"SBSP","SY2008",54,NA,NA,NA,NA,NA,NA,NA,NA,NA
"174",2007-10-24 05:00:00,"SBSP","SY2008",54,NA,NA,NA,NA,NA,NA,NA,NA,NA
"175",2007-10-24 06:00:00,"SBSP","SY2008",54,NA,NA,NA,NA,NA,NA,NA,NA,NA
"176",2007-10-24 07:00:00,"SBSP","SY2008",54,0.79,0.69,0.940886699507389,0.03,-0.01,1.033,0,0.823418004330243,0.256297980511105
"177",2007-10-24 08:00:00,"SBSP","SY2008",54,0.71,0.58,0.88717067583047,0.02,-0.01,4.3205,0,0.820199941418644,0.255737806245433
"178",2007-10-24 09:00:00,"SBSP","SY2008",54,0.69,0.59,0.798762736535662,0.03,0.01,7.233,0,0.84,0.255183205806834
"179",2007-10-24 10:00:00,"SBSP","SY2008",54,0.67,0.62,0.712675281825681,0.02,-0.01,7.662,0,0.836616943474717,0.254634123734802
"180",2007-10-24 11:00:00,"SBSP","SY2008",54,0.66,0.54,0.814156714244101,0.03,0.01,8.14,0,0.84,0.254090505120673
"181",2007-10-24 12:00:00,"SBSP","SY2008",54,0.65,0.52,0.799181525869629,0.03,0,8.14,0,0.836616943474717,0.25355229560213
"182",2007-10-24 13:00:00,"SBSP","SY2008",54,0.63,0.51,0.778177066318197,0.03,0,7.67,0,0.833267548924297,0.253019441357776
"183",2007-10-24 14:00:00,"SBSP","SY2008",54,0.8,0.51,1.53730092204526,0.03,0,7.855,0,0.829951481406493,0.252491889101739
"184",2007-10-24 15:00:00,"SBSP","SY2008",54,0.56,0.45,0.667065217391304,0.05,0.02,7.6195,0,0.84,0.0947929545031317
"185",2007-10-24 16:00:00,"SBSP","SY2008",54,0.87,NA,NA,0.04,-0.01,5.543,0,0.836616943474717,0.0958397820965844
"186",2007-10-24 17:00:00,"SBSP","SY2008",54,NA,NA,NA,NA,NA,NA,NA,NA,NA
"187",2007-10-24 18:00:00,"SBSP","SY2008",54,NA,NA,NA,NA,NA,NA,NA,NA,NA
"188",2007-10-24 19:00:00,"SBSP","SY2008",54,NA,NA,NA,NA,NA,NA,NA,NA,NA
"189",2007-10-24 20:00:00,"SBSP","SY2008",54,NA,NA,NA,NA,NA,NA,NA,NA,NA
"190",2007-10-24 21:00:00,"SBSP","SY2008",54,NA,NA,NA,NA,NA,NA,NA,NA,NA
"191",2007-10-24 22:00:00,"SBSP","SY2008",54,NA,NA,NA,NA,NA,NA,NA,NA,NA
"192",2007-10-24 23:00:00,"SBSP","SY2008",54,NA,NA,NA,NA,NA,NA,NA,NA,NA
"193",2007-10-25 00:00:00,"SBSP","SY2008",55,NA,NA,NA,NA,NA,NA,NA,NA,NA
"194",2007-10-25 01:00:00,"SBSP","SY2008",55,NA,NA,NA,NA,NA,NA,NA,NA,NA
"195",2007-10-25 02:00:00,"SBSP","SY2008",55,NA,NA,NA,NA,NA,NA,NA,NA,NA
"196",2007-10-25 03:00:00,"SBSP","SY2008",55,NA,NA,NA,NA,NA,NA,NA,NA,NA
"197",2007-10-25 04:00:00,"SBSP","SY2008",55,NA,NA,NA,NA,NA,NA,NA,NA,NA
"198",2007-10-25 05:00:00,"SBSP","SY2008",55,NA,NA,NA,NA,NA,NA,NA,NA,NA
"199",2007-10-25 06:00:00,"SBSP","SY2008",55,0.99,NA,NA,NA,NA,NA,NA,NA,NA
"200",2007-10-25 07:00:00,"SBSP","SY2008",55,0.72,0.62,0.858395989974937,0.03,-0.01,0.748,0,0.813859557771456,0.247281423772632
"201",2007-10-25 08:00:00,"SBSP","SY2008",55,0.66,0.54,0.813820673900628,0.03,0,3.4815,0,0.810736602992217,0.246810965745519
"202",2007-10-25 09:00:00,"SBSP","SY2008",55,0.64,0.56,0.720772255988559,0.02,-0.01,4.5305,0,0.807644722132226,0.246345188853989
"203",2007-10-25 10:00:00,"SBSP","SY2008",55,0.62,0.57,0.667039106145251,0.03,0.01,5.7945,0,0.84,0.245884046519965
"204",2007-10-25 11:00:00,"SBSP","SY2008",55,0.61,0.51,0.749482401656315,0.03,0,7.058,0,0.836616943474717,0.245427492628831
"205",2007-10-25 12:00:00,"SBSP","SY2008",55,0.6,0.5,0.739754711337122,0.02,-0.01,8.36,0,0.833267548924297,0.244975481524816
"206",2007-10-25 13:00:00,"SBSP","SY2008",55,0.59,0.49,0.722259810554804,0.01,-0.01,8.56,0,0.829951481406493,0.244527968006432
"207",2007-10-25 14:00:00,"SBSP","SY2008",55,0.75,0.48,1.49364791288566,0.01,0,9.68,0,0.82666840931179,0.244084907321957
"208",2007-10-25 15:00:00,"SBSP","SY2008",55,0.53,0.43,0.627526132404181,0.03,0.02,8.7935,0,0.84,0.0947662942230012
"209",2007-10-25 16:00:00,"SBSP","SY2008",55,0.91,NA,0.906658739595719,0.03,0,4.919,0,0.836616943474717,0.0958133870906735
"210",2007-10-25 17:00:00,"SBSP","SY2008",55,NA,NA,NA,NA,NA,NA,NA,NA,NA
"211",2007-10-25 18:00:00,"SBSP","SY2008",55,NA,NA,NA,NA,NA,NA,NA,NA,NA
"212",2007-10-25 19:00:00,"SBSP","SY2008",55,NA,NA,NA,NA,NA,NA,NA,NA,NA
"213",2007-10-25 20:00:00,"SBSP","SY2008",55,NA,NA,NA,NA,NA,NA,NA,NA,NA
"214",2007-10-25 21:00:00,"SBSP","SY2008",55,NA,NA,NA,NA,NA,NA,NA,NA,NA
"215",2007-10-25 22:00:00,"SBSP","SY2008",55,NA,NA,NA,NA,NA,NA,NA,NA,NA
"216",2007-10-25 23:00:00,"SBSP","SY2008",55,NA,NA,NA,NA,NA,NA,NA,NA,NA
"217",2007-10-26 00:00:00,"SBSP","SY2008",56,NA,NA,NA,NA,NA,NA,NA,NA,NA
"218",2007-10-26 01:00:00,"SBSP","SY2008",56,NA,NA,NA,NA,NA,NA,NA,NA,NA
"219",2007-10-26 02:00:00,"SBSP","SY2008",56,NA,NA,NA,NA,NA,NA,NA,NA,NA
"220",2007-10-26 03:00:00,"SBSP","SY2008",56,NA,NA,NA,NA,NA,NA,NA,NA,NA
"221",2007-10-26 04:00:00,"SBSP","SY2008",56,NA,NA,NA,NA,NA,NA,NA,NA,NA
"222",2007-10-26 05:00:00,"SBSP","SY2008",56,NA,NA,NA,NA,NA,NA,NA,NA,NA
"223",2007-10-26 06:00:00,"SBSP","SY2008",56,0.89,NA,NA,0.03,0,0.765,0,0.82666840931179,0.533697269801578
"224",2007-10-26 07:00:00,"SBSP","SY2008",56,0.67,0.59,0.792189500640205,0.03,0,0.7815,0,0.823418004330243,0.532032947725097
"225",2007-10-26 08:00:00,"SBSP","SY2008",56,0.62,0.52,0.751160092807424,0.01,-0.02,1.9225,0,0.820199941418644,0.530376926489603
"226",2007-10-26 09:00:00,"SBSP","SY2008",56,0.6,0.54,0.653573956121727,0.02,0.01,5.2715,0,0.84,0.527089621145593
"227",2007-10-26 10:00:00,"SBSP","SY2008",56,0.58,0.55,0.617315284827975,0.02,0,4.2735,0,0.836616943474717,0.523835025036273
"228",2007-10-26 11:00:00,"SBSP","SY2008",56,0.58,0.49,0.687278106508876,0.02,0,5.457,0,0.833267548924297,0.52061281269932
"229",2007-10-26 12:00:00,"SBSP","SY2008",56,0.57,0.48,0.680659670164918,0.01,-0.01,6.2535,0,0.829951481406493,0.517422661910815
"230",2007-10-26 13:00:00,"SBSP","SY2008",56,0.56,0.47,0.66498825109097,0.02,0.01,6.4675,0,0.84,0.51426425365302
"231",2007-10-26 14:00:00,"SBSP","SY2008",56,0.71,0.47,1.31924072476273,0.01,-0.01,6.1155,0,0.836616943474717,0.511137272082479
"232",2007-10-26 15:00:00,"SBSP","SY2008",56,0.5,0.42,0.573913043478261,0.02,0.01,5.894,0,0.84,0.508041404498428
"233",2007-10-26 16:00:00,"SBSP","SY2008",56,0.74,NA,NA,0.02,0,4.876,0,0.836616943474717,0.504976341311529
"234",2007-10-26 17:00:00,"SBSP","SY2008",56,NA,NA,NA,NA,NA,NA,NA,NA,NA
"235",2007-10-26 18:00:00,"SBSP","SY2008",56,NA,NA,NA,NA,NA,NA,NA,NA,NA
"236",2007-10-26 19:00:00,"SBSP","SY2008",56,NA,NA,NA,NA,NA,NA,NA,NA,NA
"237",2007-10-26 20:00:00,"SBSP","SY2008",56,NA,NA,NA,NA,NA,NA,NA,NA,NA
"238",2007-10-26 21:00:00,"SBSP","SY2008",56,NA,NA,NA,NA,NA,NA,NA,NA,NA
"239",2007-10-26 22:00:00,"SBSP","SY2008",56,NA,NA,NA,NA,NA,NA,NA,NA,NA
"240",2007-10-26 23:00:00,"SBSP","SY2008",56,NA,NA,NA,NA,NA,NA,NA,NA,NA
"241",2007-10-27 00:00:00,"SBSP","SY2008",57,NA,NA,NA,NA,NA,NA,NA,NA,NA
"242",2007-10-27 01:00:00,"SBSP","SY2008",57,NA,NA,NA,NA,NA,NA,NA,NA,NA
"243",2007-10-27 02:00:00,"SBSP","SY2008",57,NA,NA,NA,NA,NA,NA,NA,NA,NA
"244",2007-10-27 03:00:00,"SBSP","SY2008",57,NA,NA,NA,NA,NA,NA,NA,NA,NA
"245",2007-10-27 04:00:00,"SBSP","SY2008",57,NA,NA,NA,NA,NA,NA,NA,NA,NA
"246",2007-10-27 05:00:00,"SBSP","SY2008",57,NA,NA,NA,NA,NA,NA,NA,NA,NA
"247",2007-10-27 06:00:00,"SBSP","SY2008",57,0.89,NA,NA,0.01,-0.02,-1.8565,0,0.838606976724883,0.515200671626012
"248",2007-10-27 07:00:00,"SBSP","SY2008",57,0.6,0.55,0.686003683241252,0.01,0,-1.3525,0,0.837227814262946,0.513628601717797
"249",2007-10-27 08:00:00,"SBSP","SY2008",57,0.57,0.5,0.682008368200837,0,-0.01,1.0295,0,0.2,0.2
"250",2007-10-27 09:00:00,"SBSP","SY2008",57,0.56,0.53,0.590427475337961,0,0,3.3365,0,0.2,0.2
"251",2007-10-27 10:00:00,"SBSP","SY2008",57,0.55,0.52,0.570568763165814,0.01,0.01,4.3755,0,0.84,0.2
"252",2007-10-27 11:00:00,"SBSP","SY2008",57,0.54,0.47,0.637184677670508,0,-0.01,5.0745,0,0.2,0.2
"253",2007-10-27 12:00:00,"SBSP","SY2008",57,0.54,0.47,0.633753943217666,0,0,5.824,0,0.2,0.2
"254",2007-10-27 13:00:00,"SBSP","SY2008",57,0.54,0.47,0.63,0,0,5.918,0,0.2,0.2
"255",2007-10-27 14:00:00,"SBSP","SY2008",57,0.68,0.47,1.11565304087737,0.01,0.01,5.7985,0,0.84,0.2
"256",2007-10-27 15:00:00,"SBSP","SY2008",57,0.54,0.47,0.608503767491927,0.02,0.01,5.261,0,0.84,0.2
"257",2007-10-27 16:00:00,"SBSP","SY2008",57,0.6,0.56,0.635174418604651,0.02,0,4.73,0,0.836616943474717,0.2
"258",2007-10-27 17:00:00,"SBSP","SY2008",57,NA,NA,NA,NA,NA,NA,NA,NA,NA
"259",2007-10-27 18:00:00,"SBSP","SY2008",57,NA,NA,NA,NA,NA,NA,NA,NA,NA
"260",2007-10-27 19:00:00,"SBSP","SY2008",57,NA,NA,NA,NA,NA,NA,NA,NA,NA
"261",2007-10-27 20:00:00,"SBSP","SY2008",57,NA,NA,NA,NA,NA,NA,NA,NA,NA
"262",2007-10-27 21:00:00,"SBSP","SY2008",57,NA,NA,NA,NA,NA,NA,NA,NA,NA
"263",2007-10-27 22:00:00,"SBSP","SY2008",57,NA,NA,NA,NA,NA,NA,NA,NA,NA
"264",2007-10-27 23:00:00,"SBSP","SY2008",57,NA,NA,NA,NA,NA,NA,NA,NA,NA
"265",2007-10-28 00:00:00,"SBSP","SY2008",58,NA,NA,NA,NA,NA,NA,NA,NA,NA
"266",2007-10-28 01:00:00,"SBSP","SY2008",58,NA,NA,NA,NA,NA,NA,NA,NA,NA
"267",2007-10-28 02:00:00,"SBSP","SY2008",58,NA,NA,NA,NA,NA,NA,NA,NA,NA
"268",2007-10-28 03:00:00,"SBSP","SY2008",58,NA,NA,NA,NA,NA,NA,NA,NA,NA
"269",2007-10-28 04:00:00,"SBSP","SY2008",58,NA,NA,NA,NA,NA,NA,NA,NA,NA
"270",2007-10-28 05:00:00,"SBSP","SY2008",58,NA,NA,NA,NA,NA,NA,NA,NA,NA
"271",2007-10-28 06:00:00,"SBSP","SY2008",58,0.83,NA,NA,0.01,0,-0.517,0,0.837227814262946,0.432342526262893
"272",2007-10-28 07:00:00,"SBSP","SY2008",58,0.6,0.54,0.682503770739065,0,-0.01,-1.2015,0,0.2,0.2
"273",2007-10-28 08:00:00,"SBSP","SY2008",58,0.55,0.48,0.650541056651814,0,0,1.096,0,0.2,0.2
"274",2007-10-28 09:00:00,"SBSP","SY2008",58,0.53,0.5,0.561780506523408,0,0,2.793,0,0.2,0.2
"275",2007-10-28 10:00:00,"SBSP","SY2008",58,0.52,0.51,0.533700980392157,0,0,4.005,0,0.2,0.2
"276",2007-10-28 11:00:00,"SBSP","SY2008",58,0.52,0.46,0.596279069767442,0.01,0.01,4.8195,0,0.84,0.2
"277",2007-10-28 12:00:00,"SBSP","SY2008",58,0.52,0.46,0.595281862745098,0,-0.01,4.615,0,0.2,0.2
"278",2007-10-28 13:00:00,"SBSP","SY2008",58,0.52,0.46,0.585161547666533,0,0,5.3815,0,0.2,0.2
"279",2007-10-28 14:00:00,"SBSP","SY2008",58,0.73,0.45,1.58059210526316,0.01,0.01,5.8165,0,0.84,0.2
"280",2007-10-28 15:00:00,"SBSP","SY2008",58,0.5,0.45,0.568824065633546,0.02,0.01,5.4785,0,0.84,0.2
"281",2007-10-28 16:00:00,"SBSP","SY2008",58,0.57,0.55,0.589986468200271,0.02,0,5.3475,0,0.836616943474717,0.2
"282",2007-10-28 17:00:00,"SBSP","SY2008",58,NA,NA,NA,NA,NA,NA,NA,NA,NA
"283",2007-10-28 18:00:00,"SBSP","SY2008",58,NA,NA,NA,NA,NA,NA,NA,NA,NA
"284",2007-10-28 19:00:00,"SBSP","SY2008",58,NA,NA,NA,NA,NA,NA,NA,NA,NA
"285",2007-10-28 20:00:00,"SBSP","SY2008",58,NA,NA,NA,NA,NA,NA,NA,NA,NA
"286",2007-10-28 21:00:00,"SBSP","SY2008",58,NA,NA,NA,NA,NA,NA,NA,NA,NA
"287",2007-10-28 22:00:00,"SBSP","SY2008",58,NA,NA,NA,NA,NA,NA,NA,NA,NA
"288",2007-10-28 23:00:00,"SBSP","SY2008",58,NA,NA,NA,NA,NA,NA,NA,NA,NA
"289",2007-10-29 00:00:00,"SBSP","SY2008",59,NA,NA,NA,NA,NA,NA,NA,NA,NA
"290",2007-10-29 01:00:00,"SBSP","SY2008",59,NA,NA,NA,NA,NA,NA,NA,NA,NA
"291",2007-10-29 02:00:00,"SBSP","SY2008",59,NA,NA,NA,NA,NA,NA,NA,NA,NA
"292",2007-10-29 03:00:00,"SBSP","SY2008",59,NA,NA,NA,NA,NA,NA,NA,NA,NA
"293",2007-10-29 04:00:00,"SBSP","SY2008",59,NA,NA,NA,NA,NA,NA,NA,NA,NA
"294",2007-10-29 05:00:00,"SBSP","SY2008",59,NA,NA,NA,NA,NA,NA,NA,NA,NA
"295",2007-10-29 06:00:00,"SBSP","SY2008",59,0.73,0.89,0.588555858310627,0.01,-0.01,0.236,0,0.836616943474717,0.572454554312921
"296",2007-10-29 07:00:00,"SBSP","SY2008",59,0.57,0.53,0.619675090252708,0.02,0.01,1,0,0.84,0.625468781520527
"297",2007-10-29 08:00:00,"SBSP","SY2008",59,0.54,0.49,0.595338208409506,0.01,-0.01,1.654,0,0.836616943474717,0.623346747119829
"298",2007-10-29 09:00:00,"SBSP","SY2008",59,0.52,0.53,0.507588532883643,0.01,0,2.5575,0,0.833267548924297,0.621235296409858
"299",2007-10-29 10:00:00,"SBSP","SY2008",59,0.5,0.48,0.516280525986224,0,-0.01,3.773,0,0.2,0.2
"300",2007-10-29 11:00:00,"SBSP","SY2008",59,0.5,0.45,0.564640883977901,0.01,0.01,5.3935,0,0.84,0.2
"301",2007-10-29 12:00:00,"SBSP","SY2008",59,0.51,0.45,0.567614879649891,0.01,0,5.1305,0,0.836616943474717,0.2
"302",2007-10-29 13:00:00,"SBSP","SY2008",59,0.51,0.46,0.568089430894309,0.01,0,4.694,0,0.833267548924297,0.2
"303",2007-10-29 14:00:00,"SBSP","SY2008",59,0.53,0.47,0.595925597874225,0.01,0,5.1805,0,0.829951481406493,0.2
"304",2007-10-29 15:00:00,"SBSP","SY2008",59,0.52,0.48,0.562396557431314,0.01,0,4.9335,0,0.82666840931179,0.2
"305",2007-10-29 16:00:00,"SBSP","SY2008",59,0.54,0.51,0.560788082652571,0.02,0.01,4.0475,0,0.84,0.2
"306",2007-10-29 17:00:00,"SBSP","SY2008",59,NA,NA,NA,NA,NA,NA,NA,NA,NA
"307",2007-10-29 18:00:00,"SBSP","SY2008",59,NA,NA,NA,NA,NA,NA,NA,NA,NA
"308",2007-10-29 19:00:00,"SBSP","SY2008",59,NA,NA,NA,NA,NA,NA,NA,NA,NA
"309",2007-10-29 20:00:00,"SBSP","SY2008",59,NA,NA,NA,NA,NA,NA,NA,NA,NA
"310",2007-10-29 21:00:00,"SBSP","SY2008",59,NA,NA,NA,NA,NA,NA,NA,NA,NA
"311",2007-10-29 22:00:00,"SBSP","SY2008",59,NA,NA,NA,NA,NA,NA,NA,NA,NA
"312",2007-10-29 23:00:00,"SBSP","SY2008",59,NA,NA,NA,NA,NA,NA,NA,NA,NA
"313",2007-10-30 00:00:00,"SBSP","SY2008",60,NA,NA,NA,NA,NA,NA,NA,NA,NA
"314",2007-10-30 01:00:00,"SBSP","SY2008",60,NA,NA,NA,NA,NA,NA,NA,NA,NA
"315",2007-10-30 02:00:00,"SBSP","SY2008",60,NA,NA,NA,NA,NA,NA,NA,NA,NA
"316",2007-10-30 03:00:00,"SBSP","SY2008",60,NA,NA,NA,NA,NA,NA,NA,NA,NA
"317",2007-10-30 04:00:00,"SBSP","SY2008",60,NA,NA,NA,NA,NA,NA,NA,NA,NA
"318",2007-10-30 05:00:00,"SBSP","SY2008",60,NA,NA,NA,NA,NA,NA,NA,NA,NA
"319",2007-10-30 06:00:00,"SBSP","SY2008",60,0.82,NA,NA,0,-0.01,-0.4595,0,0.2,0.2
"320",2007-10-30 07:00:00,"SBSP","SY2008",60,0.55,0.52,0.601947148817803,0,0,-0.4045,0,0.2,0.2
"321",2007-10-30 08:00:00,"SBSP","SY2008",60,0.51,0.45,0.566457898399443,0,0,0.766,0,0.2,0.2
"322",2007-10-30 09:00:00,"SBSP","SY2008",60,0.49,0.49,0.479943201987931,0,0,1.703,0,0.2,0.2
"323",2007-10-30 10:00:00,"SBSP","SY2008",60,0.48,0.49,0.474037339556593,0,0,1.8615,0,0.2,0.2
"324",2007-10-30 11:00:00,"SBSP","SY2008",60,0.49,0.44,0.537367845424717,0,0,2.2775,0,0.2,0.2
"325",2007-10-30 12:00:00,"SBSP","SY2008",60,0.5,0.45,0.542888165038002,0,0,2.3775,0,0.2,0.2
"326",2007-10-30 13:00:00,"SBSP","SY2008",60,0.5,0.46,0.54483541430193,0,0,2.1935,0,0.2,0.2
"327",2007-10-30 14:00:00,"SBSP","SY2008",60,0.51,0.47,0.545351043643264,0.01,0.01,1.8075,0,0.84,0.331033423959652
"328",2007-10-30 15:00:00,"SBSP","SY2008",60,0.47,0.43,0.512990527740189,0.01,0,1.2875,0,0.836616943474717,0.330379892031199
"329",2007-10-30 16:00:00,"SBSP","SY2008",60,0.53,0.52,0.54537919602155,0.01,0,1.189,0,0.833267548924297,0.329729619606838
"330",2007-10-30 17:00:00,"SBSP","SY2008",60,NA,NA,NA,NA,NA,NA,NA,NA,NA
"331",2007-10-30 18:00:00,"SBSP","SY2008",60,NA,NA,NA,NA,NA,NA,NA,NA,NA
"332",2007-10-30 19:00:00,"SBSP","SY2008",60,NA,NA,NA,NA,NA,NA,NA,NA,NA
"333",2007-10-30 20:00:00,"SBSP","SY2008",60,NA,NA,NA,NA,NA,NA,NA,NA,NA
"334",2007-10-30 21:00:00,"SBSP","SY2008",60,NA,NA,NA,NA,NA,NA,NA,NA,NA
"335",2007-10-30 22:00:00,"SBSP","SY2008",60,NA,NA,NA,NA,NA,NA,NA,NA,NA
"336",2007-10-30 23:00:00,"SBSP","SY2008",60,NA,NA,NA,NA,NA,NA,NA,NA,NA
"337",2007-10-31 00:00:00,"SBSP","SY2008",61,NA,NA,NA,NA,NA,NA,NA,NA,NA
"338",2007-10-31 01:00:00,"SBSP","SY2008",61,NA,NA,NA,NA,NA,NA,NA,NA,NA
"339",2007-10-31 02:00:00,"SBSP","SY2008",61,NA,NA,NA,NA,NA,NA,NA,NA,NA
"340",2007-10-31 03:00:00,"SBSP","SY2008",61,NA,NA,NA,NA,NA,NA,NA,NA,NA
"341",2007-10-31 04:00:00,"SBSP","SY2008",61,NA,NA,NA,NA,NA,NA,NA,NA,NA
"342",2007-10-31 05:00:00,"SBSP","SY2008",61,NA,NA,NA,NA,NA,NA,NA,NA,NA
"343",2007-10-31 06:00:00,"SBSP","SY2008",61,0.79,0.83,0.736283185840708,0.01,0.01,-6.2615,0,0.84,0.331033423959652
"344",2007-10-31 07:00:00,"SBSP","SY2008",61,0.54,0.54,0.533666061705989,0,-0.01,-6.006,0,0.2,0.2
"345",2007-10-31 08:00:00,"SBSP","SY2008",61,0.58,0.64,0.522831050228311,0,0,-3.956,0,0.2,0.2
"346",2007-10-31 09:00:00,"SBSP","SY2008",61,0.65,0.69,0.610479797979798,0,0,-1.495,0,0.2,0.2
"347",2007-10-31 10:00:00,"SBSP","SY2008",61,0.69,0.64,0.730855351545007,0,0,0.586,0,0.2,0.2
"348",2007-10-31 11:00:00,"SBSP","SY2008",61,0.65,0.58,0.736333333333333,0,0,0.773,0,0.2,0.2
"349",2007-10-31 12:00:00,"SBSP","SY2008",61,0.6,0.55,0.661835748792271,0,0,0.198,0,0.2,0.2
"350",2007-10-31 13:00:00,"SBSP","SY2008",61,0.61,0.56,0.666179337231969,0,0,0.2485,0,0.2,0.2
"351",2007-10-31 14:00:00,"SBSP","SY2008",61,0.67,0.57,0.768270944741533,0.01,0.01,0.097,0,0.84,0.331033423959652
"352",2007-10-31 15:00:00,"SBSP","SY2008",61,0.59,0.58,0.604047514298284,0,-0.01,-0.564,0,0.2,0.2
"353",2007-10-31 16:00:00,"SBSP","SY2008",61,0.69,0.87,0.627100840336135,0,0,-1.584,0,0.2,0.2
"354",2007-10-31 17:00:00,"SBSP","SY2008",61,NA,NA,NA,NA,NA,NA,NA,NA,NA
"355",2007-10-31 18:00:00,"SBSP","SY2008",61,NA,NA,NA,NA,NA,NA,NA,NA,NA
"356",2007-10-31 19:00:00,"SBSP","SY2008",61,NA,NA,NA,NA,NA,NA,NA,NA,NA
"357",2007-10-31 20:00:00,"SBSP","SY2008",61,NA,NA,NA,NA,NA,NA,NA,NA,NA
"358",2007-10-31 21:00:00,"SBSP","SY2008",61,NA,NA,NA,NA,NA,NA,NA,NA,NA
"359",2007-10-31 22:00:00,"SBSP","SY2008",61,NA,NA,NA,NA,NA,NA,NA,NA,NA
"360",2007-10-31 23:00:00,"SBSP","SY2008",61,NA,NA,NA,NA,NA,NA,NA,NA,NA
"361",2007-11-01 00:00:00,"SBSP","SY2008",62,NA,NA,NA,NA,NA,NA,NA,NA,NA
"362",2007-11-01 01:00:00,"SBSP","SY2008",62,NA,NA,NA,NA,NA,NA,NA,NA,NA
"363",2007-11-01 02:00:00,"SBSP","SY2008",62,NA,NA,NA,NA,NA,NA,NA,NA,NA
"364",2007-11-01 03:00:00,"SBSP","SY2008",62,NA,NA,NA,NA,NA,NA,NA,NA,NA
"365",2007-11-01 04:00:00,"SBSP","SY2008",62,NA,NA,NA,NA,NA,NA,NA,NA,NA
"366",2007-11-01 05:00:00,"SBSP","SY2008",62,NA,NA,NA,NA,NA,NA,NA,NA,NA
"367",2007-11-01 06:00:00,"SBSP","SY2008",62,NA,NA,NA,NA,NA,NA,NA,NA,NA
"368",2007-11-01 07:00:00,"SBSP","SY2008",62,0.63,0.6,0.683459787556905,0,-0.01,-5.433,0,0.2,0.2
"369",2007-11-01 08:00:00,"SBSP","SY2008",62,0.59,0.53,0.659722222222222,0,0,-3,0,0.2,0.2
"370",2007-11-01 09:00:00,"SBSP","SY2008",62,0.57,0.58,0.552098408104197,0,0,-1.821,0,0.2,0.2
"371",2007-11-01 10:00:00,"SBSP","SY2008",62,0.55,0.56,0.545864661654135,0,0,-1.5985,0,0.2,0.2
"372",2007-11-01 11:00:00,"SBSP","SY2008",62,0.54,0.49,0.59719046063378,0,0,-0.5605,0,0.2,0.2
"373",2007-11-01 12:00:00,"SBSP","SY2008",62,0.53,0.48,0.578895463510848,0,0,0.4515,0,0.2,0.2
"374",2007-11-01 13:00:00,"SBSP","SY2008",62,0.52,0.48,0.567025089605735,0,0,0.718,0,0.2,0.2
"375",2007-11-01 14:00:00,"SBSP","SY2008",62,0.56,0.48,0.646527012127894,0,0,1.288,0,0.2,0.2
"376",2007-11-01 15:00:00,"SBSP","SY2008",62,0.55,0.53,0.573,0,0,0.466,0,0.2,0.2
"377",2007-11-01 16:00:00,"SBSP","SY2008",62,0.65,0.99,0.561764705882353,0,0,-1.0885,0,0.2,0.2
"378",2007-11-01 17:00:00,"SBSP","SY2008",62,NA,NA,NA,NA,NA,NA,NA,NA,NA
"379",2007-11-01 18:00:00,"SBSP","SY2008",62,NA,NA,NA,NA,NA,NA,NA,NA,NA
"380",2007-11-01 19:00:00,"SBSP","SY2008",62,NA,NA,NA,NA,NA,NA,NA,NA,NA
"381",2007-11-01 20:00:00,"SBSP","SY2008",62,NA,NA,NA,NA,NA,NA,NA,NA,NA
"382",2007-11-01 21:00:00,"SBSP","SY2008",62,NA,NA,NA,NA,NA,NA,NA,NA,NA
"383",2007-11-01 22:00:00,"SBSP","SY2008",62,NA,NA,NA,NA,NA,NA,NA,NA,NA
"384",2007-11-01 23:00:00,"SBSP","SY2008",62,NA,NA,NA,NA,NA,NA,NA,NA,NA
"385",2007-11-02 00:00:00,"SBSP","SY2008",63,NA,NA,NA,NA,NA,NA,NA,NA,NA
"386",2007-11-02 01:00:00,"SBSP","SY2008",63,NA,NA,NA,NA,NA,NA,NA,NA,NA
"387",2007-11-02 02:00:00,"SBSP","SY2008",63,NA,NA,NA,NA,NA,NA,NA,NA,NA
"388",2007-11-02 03:00:00,"SBSP","SY2008",63,NA,NA,NA,NA,NA,NA,NA,NA,NA
"389",2007-11-02 04:00:00,"SBSP","SY2008",63,NA,NA,NA,NA,NA,NA,NA,NA,NA
"390",2007-11-02 05:00:00,"SBSP","SY2008",63,NA,NA,NA,NA,NA,NA,NA,NA,NA
"391",2007-11-02 06:00:00,"SBSP","SY2008",63,NA,NA,NA,NA,NA,NA,NA,NA,NA
"392",2007-11-02 07:00:00,"SBSP","SY2008",63,0.59,0.56,0.634761120263591,0,-0.01,-6.8055,0,0.2,0.2
"393",2007-11-02 08:00:00,"SBSP","SY2008",63,0.54,0.49,0.606241699867198,0,0,-4.7105,0,0.2,0.2
"394",2007-11-02 09:00:00,"SBSP","SY2008",63,0.52,0.54,0.499810964083176,0,0,-1.7815,0,0.2,0.2
"395",2007-11-02 10:00:00,"SBSP","SY2008",63,0.51,0.53,0.490612496152663,NA,0,-0.2705,0,0.204975083125416,0.2
"396",2007-11-02 11:00:00,"SBSP","SY2008",63,0.51,0.47,0.557539050047816,0,0,0.925,0,0.2,0.2
"397",2007-11-02 12:00:00,"SBSP","SY2008",63,0.51,0.47,0.555087491898898,0,0,-0.053,0,0.2,0.2
"398",2007-11-02 13:00:00,"SBSP","SY2008",63,0.5,0.46,0.546696197858989,0,0,0.902,0,0.2,0.2
"399",2007-11-02 14:00:00,"SBSP","SY2008",63,0.61,0.47,0.913246268656717,0.01,0.01,0.9525,0,0.84,0.331033423959652
"400",2007-11-02 15:00:00,"SBSP","SY2008",63,0.49,0.46,0.531191588785047,0.01,0,0.5165,0,0.836616943474717,0.330379892031199
"401",2007-11-02 16:00:00,"SBSP","SY2008",63,0.56,0.56,0.562886597938144,0.01,0,-1.11,0,0.835257582174463,0.329729619606838
"402",2007-11-02 17:00:00,"SBSP","SY2008",63,NA,NA,NA,NA,NA,NA,NA,NA,NA
"403",2007-11-02 18:00:00,"SBSP","SY2008",63,NA,NA,NA,NA,NA,NA,NA,NA,NA
"404",2007-11-02 19:00:00,"SBSP","SY2008",63,NA,NA,NA,NA,NA,NA,NA,NA,NA
"405",2007-11-02 20:00:00,"SBSP","SY2008",63,NA,NA,NA,NA,NA,NA,NA,NA,NA
"406",2007-11-02 21:00:00,"SBSP","SY2008",63,NA,NA,NA,NA,NA,NA,NA,NA,NA
"407",2007-11-02 22:00:00,"SBSP","SY2008",63,NA,NA,NA,NA,NA,NA,NA,NA,NA
"408",2007-11-02 23:00:00,"SBSP","SY2008",63,NA,NA,NA,NA,NA,NA,NA,NA,NA
"409",2007-11-03 00:00:00,"SBSP","SY2008",64,NA,NA,NA,NA,NA,NA,NA,NA,NA
"410",2007-11-03 01:00:00,"SBSP","SY2008",64,NA,NA,NA,NA,NA,NA,NA,NA,NA
"411",2007-11-03 02:00:00,"SBSP","SY2008",64,NA,NA,NA,NA,NA,NA,NA,NA,NA
"412",2007-11-03 03:00:00,"SBSP","SY2008",64,NA,NA,NA,NA,NA,NA,NA,NA,NA
"413",2007-11-03 04:00:00,"SBSP","SY2008",64,NA,NA,NA,NA,NA,NA,NA,NA,NA
"414",2007-11-03 05:00:00,"SBSP","SY2008",64,NA,NA,NA,NA,NA,NA,NA,NA,NA
"415",2007-11-03 06:00:00,"SBSP","SY2008",64,NA,NA,NA,NA,NA,NA,NA,NA,NA
"416",2007-11-03 07:00:00,"SBSP","SY2008",64,0.59,0.56,0.623190789473685,0,0,-4.2625,0,0.2,0.2
"417",2007-11-03 08:00:00,"SBSP","SY2008",64,0.53,0.48,0.589167767503302,0,0,-1.9975,0,0.2,0.2
"418",2007-11-03 09:00:00,"SBSP","SY2008",64,0.51,0.53,0.481329350261389,0,0,0.774,0,0.2,0.2
"419",2007-11-03 10:00:00,"SBSP","SY2008",64,0.49,0.51,0.473797780517879,0,0,1.9025,0,0.2,0.2
"420",2007-11-03 11:00:00,"SBSP","SY2008",64,0.49,0.46,0.535622593068036,0,0,3.066,0,0.2,0.2
"421",2007-11-03 12:00:00,"SBSP","SY2008",64,0.49,0.46,0.534090909090909,0,0,3.0485,0,0.2,0.2
"422",2007-11-03 13:00:00,"SBSP","SY2008",64,0.49,0.46,0.528002947678703,0.01,0.01,3.176,0,0.84,0.2
"423",2007-11-03 14:00:00,"SBSP","SY2008",64,0.63,0.46,1.14137214137214,0.01,0,3.7295,0,0.836616943474717,0.2
"424",2007-11-03 15:00:00,"SBSP","SY2008",64,0.44,0.42,0.464090909090909,0.02,0.01,3.186,0,0.84,0.2
"425",2007-11-03 16:00:00,"SBSP","SY2008",64,0.69,NA,0.690179806362379,0,-0.02,1.866,0,0.2,0.2
"426",2007-11-03 17:00:00,"SBSP","SY2008",64,NA,NA,NA,NA,NA,NA,NA,NA,NA
"427",2007-11-03 18:00:00,"SBSP","SY2008",64,NA,NA,NA,NA,NA,NA,NA,NA,NA
"428",2007-11-03 19:00:00,"SBSP","SY2008",64,NA,NA,NA,NA,NA,NA,NA,NA,NA
"429",2007-11-03 20:00:00,"SBSP","SY2008",64,NA,NA,NA,NA,NA,NA,NA,NA,NA
"430",2007-11-03 21:00:00,"SBSP","SY2008",64,NA,NA,NA,NA,NA,NA,NA,NA,NA
"431",2007-11-03 22:00:00,"SBSP","SY2008",64,NA,NA,NA,NA,NA,NA,NA,NA,NA
"432",2007-11-03 23:00:00,"SBSP","SY2008",64,NA,NA,NA,NA,NA,NA,NA,NA,NA
"433",2007-11-04 00:00:00,"SBSP","SY2008",65,NA,NA,NA,NA,NA,NA,NA,NA,NA
"434",2007-11-04 01:00:00,"SBSP","SY2008",65,NA,NA,NA,NA,NA,NA,NA,NA,NA
"435",2007-11-04 02:00:00,"SBSP","SY2008",65,NA,NA,NA,NA,NA,NA,NA,NA,NA
"436",2007-11-04 03:00:00,"SBSP","SY2008",65,NA,NA,NA,NA,NA,NA,NA,NA,NA
"437",2007-11-04 04:00:00,"SBSP","SY2008",65,NA,NA,NA,NA,NA,NA,NA,NA,NA
"438",2007-11-04 05:00:00,"SBSP","SY2008",65,NA,NA,NA,NA,NA,NA,NA,NA,NA
"439",2007-11-04 06:00:00,"SBSP","SY2008",65,NA,NA,NA,NA,NA,NA,NA,NA,NA
"440",2007-11-04 07:00:00,"SBSP","SY2008",65,0.57,0.55,0.600506756756757,0.01,0,-0.3685,0,0.838606976724883,0.330379892031199
"441",2007-11-04 08:00:00,"SBSP","SY2008",65,0.51,0.47,0.56283422459893,0,-0.01,0.5005,0,0.2,0.2
"442",2007-11-04 09:00:00,"SBSP","SY2008",65,0.49,0.52,0.459722742600225,0,0,1.6865,0,0.2,0.2
"443",2007-11-04 10:00:00,"SBSP","SY2008",65,0.48,0.5,0.454545454545455,0,0,2.312,0,0.2,0.2
"444",2007-11-04 11:00:00,"SBSP","SY2008",65,0.48,0.45,0.512605042016807,0,0,3.3675,0,0.2,0.2
"445",2007-11-04 12:00:00,"SBSP","SY2008",65,0.48,0.45,0.515589104036758,0,0,4.285,0,0.2,0.2
"446",2007-11-04 13:00:00,"SBSP","SY2008",65,0.47,0.45,0.50902394106814,0,0,4.3815,0,0.2,0.2
"447",2007-11-04 14:00:00,"SBSP","SY2008",65,0.61,0.45,1.08556701030928,0,0,4.145,0,0.2,0.2
"448",2007-11-04 15:00:00,"SBSP","SY2008",65,0.42,0.4,0.439804191525164,0,0,4.042,0,0.2,0.2
"449",2007-11-04 16:00:00,"SBSP","SY2008",65,0.64,NA,0.639446366782007,0,0,2.4045,0,0.2,0.2
"450",2007-11-04 17:00:00,"SBSP","SY2008",65,NA,NA,NA,NA,NA,NA,NA,NA,NA
"451",2007-11-04 18:00:00,"SBSP","SY2008",65,NA,NA,NA,NA,NA,NA,NA,NA,NA
"452",2007-11-04 19:00:00,"SBSP","SY2008",65,NA,NA,NA,NA,NA,NA,NA,NA,NA
"453",2007-11-04 20:00:00,"SBSP","SY2008",65,NA,NA,NA,NA,NA,NA,NA,NA,NA
"454",2007-11-04 21:00:00,"SBSP","SY2008",65,NA,NA,NA,NA,NA,NA,NA,NA,NA
"455",2007-11-04 22:00:00,"SBSP","SY2008",65,NA,NA,NA,NA,NA,NA,NA,NA,NA
"456",2007-11-04 23:00:00,"SBSP","SY2008",65,NA,NA,NA,NA,NA,NA,NA,NA,NA
"457",2007-11-05 00:00:00,"SBSP","SY2008",66,NA,NA,NA,NA,NA,NA,NA,NA,NA
"458",2007-11-05 01:00:00,"SBSP","SY2008",66,NA,NA,NA,NA,NA,NA,NA,NA,NA
"459",2007-11-05 02:00:00,"SBSP","SY2008",66,NA,NA,NA,NA,NA,NA,NA,NA,NA
"460",2007-11-05 03:00:00,"SBSP","SY2008",66,NA,NA,NA,NA,NA,NA,NA,NA,NA
"461",2007-11-05 04:00:00,"SBSP","SY2008",66,NA,NA,NA,NA,NA,NA,NA,NA,NA
"462",2007-11-05 05:00:00,"SBSP","SY2008",66,NA,NA,NA,NA,NA,NA,NA,NA,NA
"463",2007-11-05 06:00:00,"SBSP","SY2008",66,NA,NA,NA,NA,NA,NA,NA,NA,NA
"464",2007-11-05 07:00:00,"SBSP","SY2008",66,0.55,0.54,0.561605584642234,0,0,-2.7455,0,0.2,0.2
"465",2007-11-05 08:00:00,"SBSP","SY2008",66,0.49,0.46,0.525238744884038,0,0,0.7105,0,0.2,0.2
"466",2007-11-05 09:00:00,"SBSP","SY2008",66,0.47,0.5,0.434532924961715,0,0,3.0985,0,0.2,0.2
"467",2007-11-05 10:00:00,"SBSP","SY2008",66,0.46,0.49,0.432432432432432,0,0,3.705,0,0.2,0.2
"468",2007-11-05 11:00:00,"SBSP","SY2008",66,0.46,0.44,0.488021004266492,0,0,5.576,0,0.2,0.2
"469",2007-11-05 12:00:00,"SBSP","SY2008",66,0.47,0.44,0.491781722550953,0,0,5.5665,0,0.2,0.2
"470",2007-11-05 13:00:00,"SBSP","SY2008",66,0.46,0.44,0.487677371172517,0,0,4.8105,0,0.2,0.2
"471",2007-11-05 14:00:00,"SBSP","SY2008",66,0.59,0.44,1.03336809176225,0,0,5.0295,0,0.2,0.2
"472",2007-11-05 15:00:00,"SBSP","SY2008",66,0.41,0.39,0.424481261058388,NA,0,5.4485,0,0.20298504987525,0.2
"473",2007-11-05 16:00:00,"SBSP","SY2008",66,0.62,NA,0.622142857142857,0.01,0,4.107,0,0.205940398007973,0.2
"474",2007-11-05 17:00:00,"SBSP","SY2008",66,NA,NA,NA,NA,NA,NA,NA,NA,NA
"475",2007-11-05 18:00:00,"SBSP","SY2008",66,NA,NA,NA,NA,NA,NA,NA,NA,NA
"476",2007-11-05 19:00:00,"SBSP","SY2008",66,NA,NA,NA,NA,NA,NA,NA,NA,NA
"477",2007-11-05 20:00:00,"SBSP","SY2008",66,NA,NA,NA,NA,NA,NA,NA,NA,NA
"478",2007-11-05 21:00:00,"SBSP","SY2008",66,NA,NA,NA,NA,NA,NA,NA,NA,NA
"479",2007-11-05 22:00:00,"SBSP","SY2008",66,NA,NA,NA,NA,NA,NA,NA,NA,NA
"480",2007-11-05 23:00:00,"SBSP","SY2008",66,NA,NA,NA,NA,NA,NA,NA,NA,NA
"481",2007-11-06 00:00:00,"SBSP","SY2008",67,NA,NA,NA,NA,NA,NA,NA,NA,NA
"482",2007-11-06 01:00:00,"SBSP","SY2008",67,NA,NA,NA,NA,NA,NA,NA,NA,NA
"483",2007-11-06 02:00:00,"SBSP","SY2008",67,NA,NA,NA,NA,NA,NA,NA,NA,NA
"484",2007-11-06 03:00:00,"SBSP","SY2008",67,NA,NA,NA,NA,NA,NA,NA,NA,NA
"485",2007-11-06 04:00:00,"SBSP","SY2008",67,NA,NA,NA,NA,NA,NA,NA,NA,NA
"486",2007-11-06 05:00:00,"SBSP","SY2008",67,NA,NA,NA,NA,NA,NA,NA,NA,NA
"487",2007-11-06 06:00:00,"SBSP","SY2008",67,NA,NA,NA,NA,NA,NA,NA,NA,NA
"488",2007-11-06 07:00:00,"SBSP","SY2008",67,0.51,0.51,0.519273127753304,0,-0.02,-2.1685,0,0.2,0.2
"489",2007-11-06 08:00:00,"SBSP","SY2008",67,0.48,0.46,0.504347826086956,0,0,-0.5085,0,0.2,0.2
"490",2007-11-06 09:00:00,"SBSP","SY2008",67,0.47,0.52,0.420974155069583,0,0,1.6175,0,0.2,0.2
"491",2007-11-06 10:00:00,"SBSP","SY2008",67,0.46,0.48,0.434191176470588,0,0,2.155,0,0.2,0.2
"492",2007-11-06 11:00:00,"SBSP","SY2008",67,0.46,0.44,0.474966622162884,0,0,2.647,0,0.2,0.2
"493",2007-11-06 12:00:00,"SBSP","SY2008",67,0.46,0.44,0.4789826916284,0,0,3.3005,0,0.2,0.2
"494",2007-11-06 13:00:00,"SBSP","SY2008",67,0.46,0.44,0.47866927592955,0,0,4.2365,0,0.2,0.2
"495",2007-11-06 14:00:00,"SBSP","SY2008",67,0.55,0.44,0.783269961977186,0,0,3.979,0,0.2,0.2
"496",2007-11-06 15:00:00,"SBSP","SY2008",67,0.43,0.42,0.433812341504649,0,0,2.7865,0,0.2,0.2
"497",2007-11-06 16:00:00,"SBSP","SY2008",67,0.56,NA,NA,0.02,0.02,2.356,0,0.84,0.33347761103033
"498",2007-11-06 17:00:00,"SBSP","SY2008",67,NA,NA,NA,NA,NA,NA,NA,NA,NA
"499",2007-11-06 18:00:00,"SBSP","SY2008",67,NA,NA,NA,NA,NA,NA,NA,NA,NA
"500",2007-11-06 19:00:00,"SBSP","SY2008",67,NA,NA,NA,NA,NA,NA,NA,NA,NA
"501",2007-11-06 20:00:00,"SBSP","SY2008",67,NA,NA,NA,NA,NA,NA,NA,NA,NA
"502",2007-11-06 21:00:00,"SBSP","SY2008",67,NA,NA,NA,NA,NA,NA,NA,NA,NA
"503",2007-11-06 22:00:00,"SBSP","SY2008",67,NA,NA,NA,NA,NA,NA,NA,NA,NA
"504",2007-11-06 23:00:00,"SBSP","SY2008",67,NA,NA,NA,NA,NA,NA,NA,NA,NA
"505",2007-11-07 00:00:00,"SBSP","SY2008",68,NA,NA,NA,NA,NA,NA,NA,NA,NA
"506",2007-11-07 01:00:00,"SBSP","SY2008",68,NA,NA,NA,NA,NA,NA,NA,NA,NA
"507",2007-11-07 02:00:00,"SBSP","SY2008",68,NA,NA,NA,NA,NA,NA,NA,NA,NA
"508",2007-11-07 03:00:00,"SBSP","SY2008",68,NA,NA,NA,NA,NA,NA,NA,NA,NA
"509",2007-11-07 04:00:00,"SBSP","SY2008",68,NA,NA,NA,NA,NA,NA,NA,NA,NA
"510",2007-11-07 05:00:00,"SBSP","SY2008",68,NA,NA,NA,NA,NA,NA,NA,NA,NA
"511",2007-11-07 06:00:00,"SBSP","SY2008",68,NA,NA,NA,NA,NA,NA,NA,NA,NA
"512",2007-11-07 07:00:00,"SBSP","SY2008",68,0.53,0.53,0.535580524344569,0.02,0.01,-1.0675,0,0.84,0.436083099068183
"513",2007-11-07 08:00:00,"SBSP","SY2008",68,0.47,0.45,0.503491620111732,0.02,0,-0.0825,0,0.838606976724883,0.434905629699325
"514",2007-11-07 09:00:00,"SBSP","SY2008",68,0.45,0.49,0.410562837316885,0.02,0,0.531,0,0.835237781012779,0.433734032983443
"515",2007-11-07 10:00:00,"SBSP","SY2008",68,0.44,0.47,0.411932719771501,0.01,-0.01,1.298,0,0.831902109358142,0.43256827963056
"516",2007-11-07 11:00:00,"SBSP","SY2008",68,0.44,0.43,0.462190573075619,0.01,0,1.9925,0,0.828599628191027,0.431408340496781
"517",2007-11-07 12:00:00,"SBSP","SY2008",68,0.45,0.43,0.461702127659574,0.01,0,2.7975,0,0.825330007260565,0.430254186583566
"518",2007-11-07 13:00:00,"SBSP","SY2008",68,0.44,0.43,0.462118041021348,0,-0.01,3.7015,0,0.2,0.2
"519",2007-11-07 14:00:00,"SBSP","SY2008",68,0.51,0.42,0.681347150259068,0,0,3.9635,0,0.2,0.2
"520",2007-11-07 15:00:00,"SBSP","SY2008",68,0.38,0.37,0.39246045102659,0.01,0.01,4.0955,0,0.84,0.2
"521",2007-11-07 16:00:00,"SBSP","SY2008",68,0.59,NA,0.587667161961367,0,-0.01,3.206,0,0.2,0.2
"522",2007-11-07 17:00:00,"SBSP","SY2008",68,NA,NA,NA,NA,NA,NA,NA,NA,NA
"523",2007-11-07 18:00:00,"SBSP","SY2008",68,NA,NA,NA,NA,NA,NA,NA,NA,NA
"524",2007-11-07 19:00:00,"SBSP","SY2008",68,NA,NA,NA,NA,NA,NA,NA,NA,NA
"525",2007-11-07 20:00:00,"SBSP","SY2008",68,NA,NA,NA,NA,NA,NA,NA,NA,NA
"526",2007-11-07 21:00:00,"SBSP","SY2008",68,NA,NA,NA,NA,NA,NA,NA,NA,NA
"527",2007-11-07 22:00:00,"SBSP","SY2008",68,NA,NA,NA,NA,NA,NA,NA,NA,NA
"528",2007-11-07 23:00:00,"SBSP","SY2008",68,NA,NA,NA,NA,NA,NA,NA,NA,NA
"529",2007-11-08 00:00:00,"SBSP","SY2008",69,NA,NA,NA,NA,NA,NA,NA,NA,NA
"530",2007-11-08 01:00:00,"SBSP","SY2008",69,NA,NA,NA,NA,NA,NA,NA,NA,NA
"531",2007-11-08 02:00:00,"SBSP","SY2008",69,NA,NA,NA,NA,NA,NA,NA,NA,NA
"532",2007-11-08 03:00:00,"SBSP","SY2008",69,NA,NA,NA,NA,NA,NA,NA,NA,NA
"533",2007-11-08 04:00:00,"SBSP","SY2008",69,NA,NA,NA,NA,NA,NA,NA,NA,NA
"534",2007-11-08 05:00:00,"SBSP","SY2008",69,NA,NA,NA,NA,NA,NA,NA,NA,NA
"535",2007-11-08 06:00:00,"SBSP","SY2008",69,NA,NA,NA,NA,NA,NA,NA,NA,NA
"536",2007-11-08 07:00:00,"SBSP","SY2008",69,0.52,0.52,0.514003944773175,0.02,0,-0.809,0,0.834510521481325,0.572314195982164
"537",2007-11-08 08:00:00,"SBSP","SY2008",69,0.46,0.44,0.482029598308668,0.02,0,-0.2385,0,0.8331721194301,0.570457271182843
"538",2007-11-08 09:00:00,"SBSP","SY2008",69,0.44,0.48,0.394046220133177,0.02,0,0.5305,0,0.829857001451628,0.568609607834597
"539",2007-11-08 10:00:00,"SBSP","SY2008",69,0.43,0.46,0.39422150882825,0.02,0,1.2085,0,0.826574869448184,0.566771159745744
"540",2007-11-08 11:00:00,"SBSP","SY2008",69,0.43,0.42,0.444297082228117,0.01,-0.01,1.6735,0,0.823325395203831,0.564941880954988
"541",2007-11-08 12:00:00,"SBSP","SY2008",69,0.44,0.43,0.445971036019309,0.01,0,2.596,0,0.820108253768437,0.563121725730264
"542",2007-11-08 13:00:00,"SBSP","SY2008",69,0.43,0.42,0.444144144144144,0,-0.01,3.569,0,0.2,0.2
"543",2007-11-08 14:00:00,"SBSP","SY2008",69,0.55,0.42,0.847497089639115,0.01,0.01,3.799,0,0.84,0.2
"544",2007-11-08 15:00:00,"SBSP","SY2008",69,0.4,0.4,0.395626921762897,0.01,0,3.089,0,0.836616943474717,0.2
"545",2007-11-08 16:00:00,"SBSP","SY2008",69,0.55,NA,NA,0,-0.01,2.337,0,0.2,0.2
"546",2007-11-08 17:00:00,"SBSP","SY2008",69,NA,NA,NA,NA,NA,NA,NA,NA,NA
"547",2007-11-08 18:00:00,"SBSP","SY2008",69,NA,NA,NA,NA,NA,NA,NA,NA,NA
"548",2007-11-08 19:00:00,"SBSP","SY2008",69,NA,NA,NA,NA,NA,NA,NA,NA,NA
"549",2007-11-08 20:00:00,"SBSP","SY2008",69,NA,NA,NA,NA,NA,NA,NA,NA,NA
"550",2007-11-08 21:00:00,"SBSP","SY2008",69,NA,NA,NA,NA,NA,NA,NA,NA,NA
"551",2007-11-08 22:00:00,"SBSP","SY2008",69,NA,NA,NA,NA,NA,NA,NA,NA,NA
"552",2007-11-08 23:00:00,"SBSP","SY2008",69,NA,NA,NA,NA,NA,NA,NA,NA,NA
"553",2007-11-09 00:00:00,"SBSP","SY2008",70,NA,NA,NA,NA,NA,NA,NA,NA,NA
"554",2007-11-09 01:00:00,"SBSP","SY2008",70,NA,NA,NA,NA,NA,NA,NA,NA,NA
"555",2007-11-09 02:00:00,"SBSP","SY2008",70,NA,NA,NA,NA,NA,NA,NA,NA,NA
"556",2007-11-09 03:00:00,"SBSP","SY2008",70,NA,NA,NA,NA,NA,NA,NA,NA,NA
"557",2007-11-09 04:00:00,"SBSP","SY2008",70,NA,NA,NA,NA,NA,NA,NA,NA,NA
"558",2007-11-09 05:00:00,"SBSP","SY2008",70,NA,NA,NA,NA,NA,NA,NA,NA,NA
"559",2007-11-09 06:00:00,"SBSP","SY2008",70,0.86,NA,NA,0.01,-0.01,-2.7865,0,0.837227814262946,0.507855236661122
"560",2007-11-09 07:00:00,"SBSP","SY2008",70,0.49,0.49,0.48414442700157,0.02,0.01,-2.5375,0,0.84,0.5744169964533
"561",2007-11-09 08:00:00,"SBSP","SY2008",70,0.44,0.44,0.456028368794326,0,-0.02,1.1175,0,0.2,0.2
"562",2007-11-09 09:00:00,"SBSP","SY2008",70,0.43,0.48,0.384117393180837,0.01,0.01,2.9845,0,0.84,0.331033423959652
"563",2007-11-09 10:00:00,"SBSP","SY2008",70,0.42,0.46,0.387640449438202,0,-0.01,2.9655,0,0.2,0.2
"564",2007-11-09 11:00:00,"SBSP","SY2008",70,0.43,0.42,0.43436928702011,0,0,3.6855,0,0.2,0.2
"565",2007-11-09 12:00:00,"SBSP","SY2008",70,0.43,0.43,0.43854748603352,0.01,0.01,4.1315,0,0.84,0.2
"566",2007-11-09 13:00:00,"SBSP","SY2008",70,0.43,0.42,0.440353460972018,0.01,0,4.382,0,0.836616943474717,0.2
"567",2007-11-09 14:00:00,"SBSP","SY2008",70,0.47,0.42,0.5472597299444,0.01,0,3.979,0,0.833267548924297,0.2
"568",2007-11-09 15:00:00,"SBSP","SY2008",70,0.43,0.43,0.433343989769821,0.02,0.01,3.6785,0,0.84,0.2
"569",2007-11-09 16:00:00,"SBSP","SY2008",70,0.47,0.49,0.444497607655502,0.01,-0.01,2.7095,0,0.836616943474717,0.2
"570",2007-11-09 17:00:00,"SBSP","SY2008",70,NA,NA,NA,NA,NA,NA,NA,NA,NA
"571",2007-11-09 18:00:00,"SBSP","SY2008",70,NA,NA,NA,NA,NA,NA,NA,NA,NA
"572",2007-11-09 19:00:00,"SBSP","SY2008",70,NA,NA,NA,NA,NA,NA,NA,NA,NA
"573",2007-11-09 20:00:00,"SBSP","SY2008",70,NA,NA,NA,NA,NA,NA,NA,NA,NA
"574",2007-11-09 21:00:00,"SBSP","SY2008",70,NA,NA,NA,NA,NA,NA,NA,NA,NA
"575",2007-11-09 22:00:00,"SBSP","SY2008",70,NA,NA,NA,NA,NA,NA,NA,NA,NA
"576",2007-11-09 23:00:00,"SBSP","SY2008",70,NA,NA,NA,NA,NA,NA,NA,NA,NA
"577",2007-11-10 00:00:00,"SBSP","SY2008",71,NA,NA,NA,NA,NA,NA,NA,NA,NA
"578",2007-11-10 01:00:00,"SBSP","SY2008",71,NA,NA,NA,NA,NA,NA,NA,NA,NA
"579",2007-11-10 02:00:00,"SBSP","SY2008",71,NA,NA,NA,NA,NA,NA,NA,NA,NA
"580",2007-11-10 03:00:00,"SBSP","SY2008",71,NA,NA,NA,NA,NA,NA,NA,NA,NA
"581",2007-11-10 04:00:00,"SBSP","SY2008",71,NA,NA,NA,NA,NA,NA,NA,NA,NA
"582",2007-11-10 05:00:00,"SBSP","SY2008",71,NA,NA,NA,NA,NA,NA,NA,NA,NA
"583",2007-11-10 06:00:00,"SBSP","SY2008",71,NA,NA,NA,NA,NA,NA,NA,NA,NA
"584",2007-11-10 07:00:00,"SBSP","SY2008",71,0.48,0.52,0.446258503401361,0.02,0.02,-1.2015,0,0.84,0.33347761103033
"585",2007-11-10 08:00:00,"SBSP","SY2008",71,0.44,0.44,0.436401240951396,0,-0.02,0.6405,0,0.2,0.2
"586",2007-11-10 09:00:00,"SBSP","SY2008",71,0.43,0.43,0.423586040914561,0,0,1.051,0,0.2,0.2
"587",2007-11-10 10:00:00,"SBSP","SY2008",71,0.43,0.43,0.422172452407615,0,0,1.7525,0,0.2,0.2
"588",2007-11-10 11:00:00,"SBSP","SY2008",71,0.42,0.42,0.424008243173622,0,0,1.726,0,0.2,0.2
"589",2007-11-10 12:00:00,"SBSP","SY2008",71,0.42,0.42,0.424411400247831,0,0,2.428,0,0.2,0.2
"590",2007-11-10 13:00:00,"SBSP","SY2008",71,0.42,0.42,0.423312883435583,0.01,0.01,2.4785,0,0.84,0.331033423959652
"591",2007-11-10 14:00:00,"SBSP","SY2008",71,0.43,0.42,0.434704112337011,0.01,0,3.351,0,0.836616943474717,0.329729619606838
"592",2007-11-10 15:00:00,"SBSP","SY2008",71,0.42,0.42,0.416738271180615,0.01,0,2.459,0,0.833267548924297,0.329082590429723
"593",2007-11-10 16:00:00,"SBSP","SY2008",71,0.46,0.48,0.432346723044398,0.01,0,1.9585,0,0.829951481406493,0.328438788324093
"594",2007-11-10 17:00:00,"SBSP","SY2008",71,NA,NA,NA,NA,NA,NA,NA,NA,NA
"595",2007-11-10 18:00:00,"SBSP","SY2008",71,NA,NA,NA,NA,NA,NA,NA,NA,NA
"596",2007-11-10 19:00:00,"SBSP","SY2008",71,NA,NA,NA,NA,NA,NA,NA,NA,NA
"597",2007-11-10 20:00:00,"SBSP","SY2008",71,NA,NA,NA,NA,NA,NA,NA,NA,NA
"598",2007-11-10 21:00:00,"SBSP","SY2008",71,NA,NA,NA,NA,NA,NA,NA,NA,NA
"599",2007-11-10 22:00:00,"SBSP","SY2008",71,NA,NA,NA,NA,NA,NA,NA,NA,NA
"600",2007-11-10 23:00:00,"SBSP","SY2008",71,NA,NA,NA,NA,NA,NA,NA,NA,NA
"601",2007-11-11 00:00:00,"SBSP","SY2008",72,NA,NA,NA,NA,NA,NA,NA,NA,NA
"602",2007-11-11 01:00:00,"SBSP","SY2008",72,NA,NA,NA,NA,NA,NA,NA,NA,NA
"603",2007-11-11 02:00:00,"SBSP","SY2008",72,NA,NA,NA,NA,NA,NA,NA,NA,NA
"604",2007-11-11 03:00:00,"SBSP","SY2008",72,NA,NA,NA,NA,NA,NA,NA,NA,NA
"605",2007-11-11 04:00:00,"SBSP","SY2008",72,NA,NA,NA,NA,NA,NA,NA,NA,NA
"606",2007-11-11 05:00:00,"SBSP","SY2008",72,NA,NA,NA,NA,NA,NA,NA,NA,NA
"607",2007-11-11 06:00:00,"SBSP","SY2008",72,NA,NA,NA,NA,NA,NA,NA,NA,NA
"608",2007-11-11 07:00:00,"SBSP","SY2008",72,0.49,0.51,0.469089390142022,0.01,0.01,-1.789,0,0.84,0.331033423959652
"609",2007-11-11 08:00:00,"SBSP","SY2008",72,0.44,0.43,0.441520467836257,0.01,0,-0.833,0,0.838606976724883,0.330379892031199
"610",2007-11-11 09:00:00,"SBSP","SY2008",72,0.41,0.47,0.363010926750303,0,-0.01,-0.1875,0,0.2,0.2
"611",2007-11-11 10:00:00,"SBSP","SY2008",72,0.41,0.46,0.3603692713485,0,0,0.4625,0,0.2,0.2
"612",2007-11-11 11:00:00,"SBSP","SY2008",72,0.41,0.42,0.406515100101798,0,0,1.4265,0,0.2,0.2
"613",2007-11-11 12:00:00,"SBSP","SY2008",72,0.42,0.42,0.41162310866575,0,0,2.2105,0,0.2,0.2
"614",2007-11-11 13:00:00,"SBSP","SY2008",72,0.41,0.42,0.408967916505605,0,0,2.6125,0,0.2,0.2
"615",2007-11-11 14:00:00,"SBSP","SY2008",72,0.53,0.41,0.840168243953733,0,0,2.6765,0,0.2,0.2
"616",2007-11-11 15:00:00,"SBSP","SY2008",72,0.35,0.35,0.344665271966527,0,0,2.6225,0,0.2,0.2
"617",2007-11-11 16:00:00,"SBSP","SY2008",72,0.52,NA,NA,0.01,0.01,1.7695,0,0.84,0.331033423959652
"618",2007-11-11 17:00:00,"SBSP","SY2008",72,NA,NA,NA,NA,NA,NA,NA,NA,NA
"619",2007-11-11 18:00:00,"SBSP","SY2008",72,NA,NA,NA,NA,NA,NA,NA,NA,NA
"620",2007-11-11 19:00:00,"SBSP","SY2008",72,NA,NA,NA,NA,NA,NA,NA,NA,NA
"621",2007-11-11 20:00:00,"SBSP","SY2008",72,NA,NA,NA,NA,NA,NA,NA,NA,NA
"622",2007-11-11 21:00:00,"SBSP","SY2008",72,NA,NA,NA,NA,NA,NA,NA,NA,NA
"623",2007-11-11 22:00:00,"SBSP","SY2008",72,NA,NA,NA,NA,NA,NA,NA,NA,NA
"624",2007-11-11 23:00:00,"SBSP","SY2008",72,NA,NA,NA,NA,NA,NA,NA,NA,NA
"625",2007-11-12 00:00:00,"SBSP","SY2008",73,NA,NA,NA,NA,NA,NA,NA,NA,NA
"626",2007-11-12 01:00:00,"SBSP","SY2008",73,NA,NA,NA,NA,NA,NA,NA,NA,NA
"627",2007-11-12 02:00:00,"SBSP","SY2008",73,NA,NA,NA,NA,NA,NA,NA,NA,NA
"628",2007-11-12 03:00:00,"SBSP","SY2008",73,NA,NA,NA,NA,NA,NA,NA,NA,NA
"629",2007-11-12 04:00:00,"SBSP","SY2008",73,NA,NA,NA,NA,NA,NA,NA,NA,NA
"630",2007-11-12 05:00:00,"SBSP","SY2008",73,NA,NA,NA,NA,NA,NA,NA,NA,NA
"631",2007-11-12 06:00:00,"SBSP","SY2008",73,NA,NA,NA,NA,NA,NA,NA,NA,NA
"632",2007-11-12 07:00:00,"SBSP","SY2008",73,0.49,0.51,0.459632459219492,0,-0.01,-2.672,0,0.2,0.2
"633",2007-11-12 08:00:00,"SBSP","SY2008",73,0.44,0.44,0.436630036630037,0,0,-0.8795,0,0.2,0.2
"634",2007-11-12 09:00:00,"SBSP","SY2008",73,0.41,0.46,0.365791393143691,0,0,0.14,0,0.2,0.2
"635",2007-11-12 10:00:00,"SBSP","SY2008",73,0.4,0.45,0.359561752988048,0,0,1.9685,0,0.2,0.2
"636",2007-11-12 11:00:00,"SBSP","SY2008",73,0.41,0.42,0.399036680251945,0,0,2.9505,0,0.2,0.2
"637",2007-11-12 12:00:00,"SBSP","SY2008",73,0.41,0.42,0.40527838033261,0,0,2.764,0,0.2,0.2
"638",2007-11-12 13:00:00,"SBSP","SY2008",73,0.41,0.42,0.403940886699507,0,0,2.5435,0,0.2,0.2
"639",2007-11-12 14:00:00,"SBSP","SY2008",73,0.51,0.41,0.702258726899384,0,0,3.145,0,0.2,0.2
"640",2007-11-12 15:00:00,"SBSP","SY2008",73,0.34,0.36,0.330973129992738,0,0,2.5055,0,0.2,0.2
"641",2007-11-12 16:00:00,"SBSP","SY2008",73,0.53,NA,0.527490039840637,0,0,1.048,0,0.2,0.2
"642",2007-11-12 17:00:00,"SBSP","SY2008",73,NA,NA,NA,NA,NA,NA,NA,NA,NA
"643",2007-11-12 18:00:00,"SBSP","SY2008",73,NA,NA,NA,NA,NA,NA,NA,NA,NA
"644",2007-11-12 19:00:00,"SBSP","SY2008",73,NA,NA,NA,NA,NA,NA,NA,NA,NA
"645",2007-11-12 20:00:00,"SBSP","SY2008",73,NA,NA,NA,NA,NA,NA,NA,NA,NA
"646",2007-11-12 21:00:00,"SBSP","SY2008",73,NA,NA,NA,NA,NA,NA,NA,NA,NA
"647",2007-11-12 22:00:00,"SBSP","SY2008",73,NA,NA,NA,NA,NA,NA,NA,NA,NA
"648",2007-11-12 23:00:00,"SBSP","SY2008",73,NA,NA,NA,NA,NA,NA,NA,NA,NA
"649",2007-11-13 00:00:00,"SBSP","SY2008",74,NA,NA,NA,NA,NA,NA,NA,NA,NA
"650",2007-11-13 01:00:00,"SBSP","SY2008",74,NA,NA,NA,NA,NA,NA,NA,NA,NA
"651",2007-11-13 02:00:00,"SBSP","SY2008",74,NA,NA,NA,NA,NA,NA,NA,NA,NA
"652",2007-11-13 03:00:00,"SBSP","SY2008",74,NA,NA,NA,NA,NA,NA,NA,NA,NA
"653",2007-11-13 04:00:00,"SBSP","SY2008",74,NA,NA,NA,NA,NA,NA,NA,NA,NA
"654",2007-11-13 05:00:00,"SBSP","SY2008",74,NA,NA,NA,NA,NA,NA,NA,NA,NA
"655",2007-11-13 06:00:00,"SBSP","SY2008",74,NA,NA,NA,NA,NA,NA,NA,NA,NA
"656",2007-11-13 07:00:00,"SBSP","SY2008",74,0.5,0.53,0.458855098389982,0.01,0,-2.373,0,0.834510521481325,0.430030679499439
"657",2007-11-13 08:00:00,"SBSP","SY2008",74,0.43,0.44,0.427389014296463,0,-0.01,-2.158,0,0.2,0.2
"658",2007-11-13 09:00:00,"SBSP","SY2008",74,0.41,0.47,0.344094809971394,0,0,-1.1915,0,0.2,0.2
"659",2007-11-13 10:00:00,"SBSP","SY2008",74,0.4,0.46,0.338333333333333,0.01,0.01,0.195,0,0.84,0.331033423959652
"660",2007-11-13 11:00:00,"SBSP","SY2008",74,0.4,0.41,0.379046293073442,0,-0.01,1.597,0,0.2,0.2
"661",2007-11-13 12:00:00,"SBSP","SY2008",74,0.4,0.41,0.383799080297135,0.01,0.01,2.2105,0,0.84,0.331033423959652
"662",2007-11-13 13:00:00,"SBSP","SY2008",74,0.39,0.41,0.381810897435898,0,-0.01,2.3945,0,0.2,0.2
"663",2007-11-13 14:00:00,"SBSP","SY2008",74,0.51,0.4,0.806703910614525,0.01,0.01,2.8605,0,0.84,0.331033423959652
"664",2007-11-13 15:00:00,"SBSP","SY2008",74,0.33,0.35,0.320336391437309,0.01,0,2.403,0,0.836616943474717,0.330379892031199
"665",2007-11-13 16:00:00,"SBSP","SY2008",74,0.54,NA,0.543133802816901,0.02,0.01,1.233,0,0.84,0.434161131869464
"666",2007-11-13 17:00:00,"SBSP","SY2008",74,NA,NA,NA,NA,NA,NA,NA,NA,NA
"667",2007-11-13 18:00:00,"SBSP","SY2008",74,NA,NA,NA,NA,NA,NA,NA,NA,NA
"668",2007-11-13 19:00:00,"SBSP","SY2008",74,NA,NA,NA,NA,NA,NA,NA,NA,NA
"669",2007-11-13 20:00:00,"SBSP","SY2008",74,NA,NA,NA,NA,NA,NA,NA,NA,NA
"670",2007-11-13 21:00:00,"SBSP","SY2008",74,NA,NA,NA,NA,NA,NA,NA,NA,NA
"671",2007-11-13 22:00:00,"SBSP","SY2008",74,NA,NA,NA,NA,NA,NA,NA,NA,NA
"672",2007-11-13 23:00:00,"SBSP","SY2008",74,NA,NA,NA,NA,NA,NA,NA,NA,NA
"673",2007-11-14 00:00:00,"SBSP","SY2008",75,NA,NA,NA,NA,NA,NA,NA,NA,NA
"674",2007-11-14 01:00:00,"SBSP","SY2008",75,NA,NA,NA,NA,NA,NA,NA,NA,NA
"675",2007-11-14 02:00:00,"SBSP","SY2008",75,NA,NA,NA,NA,NA,NA,NA,NA,NA
"676",2007-11-14 03:00:00,"SBSP","SY2008",75,NA,NA,NA,NA,NA,NA,NA,NA,NA
"677",2007-11-14 04:00:00,"SBSP","SY2008",75,NA,NA,NA,NA,NA,NA,NA,NA,NA
"678",2007-11-14 05:00:00,"SBSP","SY2008",75,NA,NA,NA,NA,NA,NA,NA,NA,NA
"679",2007-11-14 06:00:00,"SBSP","SY2008",75,NA,NA,NA,NA,NA,NA,NA,NA,NA
"680",2007-11-14 07:00:00,"SBSP","SY2008",75,0.42,0.46,0.384943181818182,0.01,0.01,-3.3835,0,0.84,0.331033423959652
"681",2007-11-14 08:00:00,"SBSP","SY2008",75,0.41,0.43,0.395548961424332,0.01,0,-3.6185,0,0.838606976724883,0.330379892031199
"682",2007-11-14 09:00:00,"SBSP","SY2008",75,0.4,0.44,0.364440868865648,0.01,0,-3.0975,0,0.837227814262946,0.329729619606838
"683",2007-11-14 10:00:00,"SBSP","SY2008",75,0.39,0.43,0.349847302341364,0,-0.01,-2.261,0,0.2,0.2
"684",2007-11-14 11:00:00,"SBSP","SY2008",75,0.39,0.41,0.3774784885896,0,0,-1.2975,0,0.2,0.2
"685",2007-11-14 12:00:00,"SBSP","SY2008",75,0.39,0.41,0.377140974967062,0,0,0.00600000000000001,0,0.2,0.2
"686",2007-11-14 13:00:00,"SBSP","SY2008",75,0.39,0.41,0.375295043273013,0,0,1.0705,0,0.2,0.2
"687",2007-11-14 14:00:00,"SBSP","SY2008",75,0.5,0.4,0.748936170212766,0,0,1.405,0,0.2,0.2
"688",2007-11-14 15:00:00,"SBSP","SY2008",75,0.33,0.35,0.310398749022674,0,0,0.696,0,0.2,0.2
"689",2007-11-14 16:00:00,"SBSP","SY2008",75,0.56,NA,0.561904761904762,0.02,0.02,-0.406,0,0.84,0.33347761103033
"690",2007-11-14 17:00:00,"SBSP","SY2008",75,NA,NA,NA,NA,NA,NA,NA,NA,NA
"691",2007-11-14 18:00:00,"SBSP","SY2008",75,NA,NA,NA,NA,NA,NA,NA,NA,NA
"692",2007-11-14 19:00:00,"SBSP","SY2008",75,NA,NA,NA,NA,NA,NA,NA,NA,NA
"693",2007-11-14 20:00:00,"SBSP","SY2008",75,NA,NA,NA,NA,NA,NA,NA,NA,NA
"694",2007-11-14 21:00:00,"SBSP","SY2008",75,NA,NA,NA,NA,NA,NA,NA,NA,NA
"695",2007-11-14 22:00:00,"SBSP","SY2008",75,NA,NA,NA,NA,NA,NA,NA,NA,NA
"696",2007-11-14 23:00:00,"SBSP","SY2008",75,NA,NA,NA,NA,NA,NA,NA,NA,NA
"697",2007-11-15 00:00:00,"SBSP","SY2008",76,NA,NA,NA,NA,NA,NA,NA,NA,NA
"698",2007-11-15 01:00:00,"SBSP","SY2008",76,NA,NA,NA,NA,NA,NA,NA,NA,NA
"699",2007-11-15 02:00:00,"SBSP","SY2008",76,NA,NA,NA,NA,NA,NA,NA,NA,NA
"700",2007-11-15 03:00:00,"SBSP","SY2008",76,NA,NA,NA,NA,NA,NA,NA,NA,NA
"701",2007-11-15 04:00:00,"SBSP","SY2008",76,NA,NA,NA,NA,NA,NA,NA,NA,NA
"702",2007-11-15 05:00:00,"SBSP","SY2008",76,NA,NA,NA,NA,NA,NA,NA,NA,NA
"703",2007-11-15 06:00:00,"SBSP","SY2008",76,NA,NA,NA,NA,NA,NA,NA,NA,NA
"704",2007-11-15 07:00:00,"SBSP","SY2008",76,0.47,0.51,0.413991375179684,0,0,-1.1395,0,0.2,0.2
"705",2007-11-15 08:00:00,"SBSP","SY2008",76,0.41,0.43,0.392444101773323,0,0,-0.852,0,0.2,0.2
"706",2007-11-15 09:00:00,"SBSP","SY2008",76,0.39,0.46,0.321863197650021,0,0,0.7035,0,0.2,0.2
"707",2007-11-15 10:00:00,"SBSP","SY2008",76,0.38,0.45,0.317647058823529,0,0,1.0285,0,0.2,0.2
"708",2007-11-15 11:00:00,"SBSP","SY2008",76,0.39,0.41,0.360632688927944,0,0,1.3895,0,0.2,0.2
"709",2007-11-15 12:00:00,"SBSP","SY2008",76,0.39,0.41,0.36725188104622,0,0,2.596,0,0.2,0.2
"710",2007-11-15 13:00:00,"SBSP","SY2008",76,0.39,0.41,0.36697997548018,0,0,3.116,0,0.2,0.2
"711",2007-11-15 14:00:00,"SBSP","SY2008",76,0.5,0.4,0.789285714285714,0.01,0.01,3.6805,0,0.84,0.2
"712",2007-11-15 15:00:00,"SBSP","SY2008",76,0.32,0.34,0.300440528634361,0,-0.01,3.5385,0,0.2,0.2
"713",2007-11-15 16:00:00,"SBSP","SY2008",76,0.53,NA,0.529962546816479,0,0,2.2515,0,0.2,0.2
"714",2007-11-15 17:00:00,"SBSP","SY2008",76,NA,NA,NA,NA,NA,NA,NA,NA,NA
"715",2007-11-15 18:00:00,"SBSP","SY2008",76,NA,NA,NA,NA,NA,NA,NA,NA,NA
"716",2007-11-15 19:00:00,"SBSP","SY2008",76,NA,NA,NA,NA,NA,NA,NA,NA,NA
"717",2007-11-15 20:00:00,"SBSP","SY2008",76,NA,NA,NA,NA,NA,NA,NA,NA,NA
"718",2007-11-15 21:00:00,"SBSP","SY2008",76,NA,NA,NA,NA,NA,NA,NA,NA,NA
"719",2007-11-15 22:00:00,"SBSP","SY2008",76,NA,NA,NA,NA,NA,NA,NA,NA,NA
"720",2007-11-15 23:00:00,"SBSP","SY2008",76,NA,NA,NA,NA,NA,NA,NA,NA,NA
"721",2007-11-16 00:00:00,"SBSP","SY2008",77,NA,NA,NA,NA,NA,NA,NA,NA,NA
"722",2007-11-16 01:00:00,"SBSP","SY2008",77,NA,NA,NA,NA,NA,NA,NA,NA,NA
"723",2007-11-16 02:00:00,"SBSP","SY2008",77,NA,NA,NA,NA,NA,NA,NA,NA,NA
"724",2007-11-16 03:00:00,"SBSP","SY2008",77,NA,NA,NA,NA,NA,NA,NA,NA,NA
"725",2007-11-16 04:00:00,"SBSP","SY2008",77,NA,NA,NA,NA,NA,NA,NA,NA,NA
"726",2007-11-16 05:00:00,"SBSP","SY2008",77,NA,NA,NA,NA,NA,NA,NA,NA,NA
"727",2007-11-16 06:00:00,"SBSP","SY2008",77,NA,NA,NA,NA,NA,NA,NA,NA,NA
"728",2007-11-16 07:00:00,"SBSP","SY2008",77,0.47,0.53,0.399568034557235,0,0,-3.4605,0,0.2,0.2
"729",2007-11-16 08:00:00,"SBSP","SY2008",77,0.41,0.43,0.391902834008097,0,0,-2.552,0,0.2,0.2
"730",2007-11-16 09:00:00,"SBSP","SY2008",77,0.38,0.46,0.315178571428571,0,0,-0.393,0,0.2,0.2
"731",2007-11-16 10:00:00,"SBSP","SY2008",77,0.38,0.45,0.307560137457045,0,0,0.5635,0,0.2,0.2
"732",2007-11-16 11:00:00,"SBSP","SY2008",77,0.38,0.4,0.346989668685429,0,0,0.471,0,0.2,0.2
"733",2007-11-16 12:00:00,"SBSP","SY2008",77,0.38,0.4,0.353157121879589,0,0,1.9425,0,0.2,0.2
"734",2007-11-16 13:00:00,"SBSP","SY2008",77,0.38,0.4,0.355814958927799,0,0,2.2605,0,0.2,0.2
"735",2007-11-16 14:00:00,"SBSP","SY2008",77,0.49,0.4,0.707659115426106,0.01,0.01,2.0895,0,0.84,0.331033423959652
"736",2007-11-16 15:00:00,"SBSP","SY2008",77,0.33,0.35,0.303408292340127,0.02,0.01,1.301,0,0.84,0.434677607472593
"737",2007-11-16 16:00:00,"SBSP","SY2008",77,0.52,NA,0.520488230165649,0.01,-0.01,-0.1875,0,0.838606976724883,0.433507148022312
"738",2007-11-16 17:00:00,"SBSP","SY2008",77,NA,NA,NA,NA,NA,NA,NA,NA,NA
"739",2007-11-16 18:00:00,"SBSP","SY2008",77,NA,NA,NA,NA,NA,NA,NA,NA,NA
"740",2007-11-16 19:00:00,"SBSP","SY2008",77,NA,NA,NA,NA,NA,NA,NA,NA,NA
"741",2007-11-16 20:00:00,"SBSP","SY2008",77,NA,NA,NA,NA,NA,NA,NA,NA,NA
"742",2007-11-16 21:00:00,"SBSP","SY2008",77,NA,NA,NA,NA,NA,NA,NA,NA,NA
"743",2007-11-16 22:00:00,"SBSP","SY2008",77,NA,NA,NA,NA,NA,NA,NA,NA,NA
"744",2007-11-16 23:00:00,"SBSP","SY2008",77,NA,NA,NA,NA,NA,NA,NA,NA,NA
"745",2007-11-17 00:00:00,"SBSP","SY2008",78,NA,NA,NA,NA,NA,NA,NA,NA,NA
"746",2007-11-17 01:00:00,"SBSP","SY2008",78,NA,NA,NA,NA,NA,NA,NA,NA,NA
"747",2007-11-17 02:00:00,"SBSP","SY2008",78,NA,NA,NA,NA,NA,NA,NA,NA,NA
"748",2007-11-17 03:00:00,"SBSP","SY2008",78,NA,NA,NA,NA,NA,NA,NA,NA,NA
"749",2007-11-17 04:00:00,"SBSP","SY2008",78,NA,NA,NA,NA,NA,NA,NA,NA,NA
"750",2007-11-17 05:00:00,"SBSP","SY2008",78,NA,NA,NA,NA,NA,NA,NA,NA,NA
"751",2007-11-17 06:00:00,"SBSP","SY2008",78,NA,NA,NA,NA,NA,NA,NA,NA,NA
"752",2007-11-17 07:00:00,"SBSP","SY2008",78,0.43,NA,NA,0.01,0,-3.2655,0,0.837227814262946,0.43183118967788
"753",2007-11-17 08:00:00,"SBSP","SY2008",78,0.4,0.51,0.34175654853621,0,-0.01,-3.232,0,0.2,0.2
"754",2007-11-17 09:00:00,"SBSP","SY2008",78,0.39,0.48,0.316279069767442,0.01,0.01,-3.4335,0,0.84,0.331033423959652
"755",2007-11-17 10:00:00,"SBSP","SY2008",78,0.38,0.46,0.307590467784642,0,-0.01,-2.0405,0,0.2,0.2
"756",2007-11-17 11:00:00,"SBSP","SY2008",78,0.38,0.41,0.35562015503876,0.01,0.01,-1.1545,0,0.84,0.331033423959652
"757",2007-11-17 12:00:00,"SBSP","SY2008",78,0.39,0.42,0.356597222222222,0,-0.01,-1.0125,0,0.2,0.2
"758",2007-11-17 13:00:00,"SBSP","SY2008",78,0.39,0.42,0.357692307692308,0.01,0.01,-1.483,0,0.84,0.331033423959652
"759",2007-11-17 14:00:00,"SBSP","SY2008",78,0.4,0.41,0.392250530785563,0.02,0.01,-1.55,0,0.84,0.434677607472593
"760",2007-11-17 15:00:00,"SBSP","SY2008",78,0.39,0.42,0.359670027497709,0.01,-0.01,-1.114,0,0.838606976724883,0.433507148022312
"761",2007-11-17 16:00:00,"SBSP","SY2008",78,0.41,0.53,0.340966921119593,0.01,0,-0.879,0,0.837227814262946,0.432342526262893
"762",2007-11-17 17:00:00,"SBSP","SY2008",78,NA,NA,NA,NA,NA,NA,NA,NA,NA
"763",2007-11-17 18:00:00,"SBSP","SY2008",78,NA,NA,NA,NA,NA,NA,NA,NA,NA
"764",2007-11-17 19:00:00,"SBSP","SY2008",78,NA,NA,NA,NA,NA,NA,NA,NA,NA
"765",2007-11-17 20:00:00,"SBSP","SY2008",78,NA,NA,NA,NA,NA,NA,NA,NA,NA
"766",2007-11-17 21:00:00,"SBSP","SY2008",78,NA,NA,NA,NA,NA,NA,NA,NA,NA
"767",2007-11-17 22:00:00,"SBSP","SY2008",78,NA,NA,NA,NA,NA,NA,NA,NA,NA
"768",2007-11-17 23:00:00,"SBSP","SY2008",78,NA,NA,NA,NA,NA,NA,NA,NA,NA
"769",2007-11-18 00:00:00,"SBSP","SY2008",79,NA,NA,NA,NA,NA,NA,NA,NA,NA
"770",2007-11-18 01:00:00,"SBSP","SY2008",79,NA,NA,NA,NA,NA,NA,NA,NA,NA
"771",2007-11-18 02:00:00,"SBSP","SY2008",79,NA,NA,NA,NA,NA,NA,NA,NA,NA
"772",2007-11-18 03:00:00,"SBSP","SY2008",79,NA,NA,NA,NA,NA,NA,NA,NA,NA
"773",2007-11-18 04:00:00,"SBSP","SY2008",79,NA,NA,NA,NA,NA,NA,NA,NA,NA
"774",2007-11-18 05:00:00,"SBSP","SY2008",79,NA,NA,NA,NA,NA,NA,NA,NA,NA
"775",2007-11-18 06:00:00,"SBSP","SY2008",79,NA,NA,NA,NA,NA,NA,NA,NA,NA
"776",2007-11-18 07:00:00,"SBSP","SY2008",79,0.46,0.51,0.392463470904896,0.02,0.01,-1.7725,0,0.84,0.580192804395042
"777",2007-11-18 08:00:00,"SBSP","SY2008",79,0.4,0.43,0.373351400180669,0,-0.02,-0.883,0,0.2,0.2
"778",2007-11-18 09:00:00,"SBSP","SY2008",79,0.38,0.46,0.309730668983493,0.01,0.01,0.6175,0,0.84,0.331033423959652
"779",2007-11-18 10:00:00,"SBSP","SY2008",79,0.38,0.46,0.301865671641791,0.01,0,1.4865,0,0.836616943474717,0.330379892031199
"780",2007-11-18 11:00:00,"SBSP","SY2008",79,0.38,0.41,0.344345122425185,0,-0.01,2.2615,0,0.2,0.2
"781",2007-11-18 12:00:00,"SBSP","SY2008",79,0.38,0.41,0.352331606217617,0,0,3.032,0,0.2,0.2
"782",2007-11-18 13:00:00,"SBSP","SY2008",79,0.38,0.41,0.356185567010309,0.01,0.01,2.813,0,0.84,0.331033423959652
"783",2007-11-18 14:00:00,"SBSP","SY2008",79,0.42,0.41,0.433020833333333,0.01,0,3.0285,0,0.836616943474717,0.329729619606838
"784",2007-11-18 15:00:00,"SBSP","SY2008",79,0.39,0.42,0.354997166068392,0.02,0.01,2.4725,0,0.84,0.433647232199152
"785",2007-11-18 16:00:00,"SBSP","SY2008",79,0.45,0.59,0.354401805869074,0.01,-0.01,1.7235,0,0.836616943474717,0.432481911766986
"786",2007-11-18 17:00:00,"SBSP","SY2008",79,NA,NA,NA,NA,NA,NA,NA,NA,NA
"787",2007-11-18 18:00:00,"SBSP","SY2008",79,NA,NA,NA,NA,NA,NA,NA,NA,NA
"788",2007-11-18 19:00:00,"SBSP","SY2008",79,NA,NA,NA,NA,NA,NA,NA,NA,NA
"789",2007-11-18 20:00:00,"SBSP","SY2008",79,NA,NA,NA,NA,NA,NA,NA,NA,NA
"790",2007-11-18 21:00:00,"SBSP","SY2008",79,NA,NA,NA,NA,NA,NA,NA,NA,NA
"791",2007-11-18 22:00:00,"SBSP","SY2008",79,NA,NA,NA,NA,NA,NA,NA,NA,NA
"792",2007-11-18 23:00:00,"SBSP","SY2008",79,NA,NA,NA,NA,NA,NA,NA,NA,NA
"793",2007-11-19 00:00:00,"SBSP","SY2008",80,NA,NA,NA,NA,NA,NA,NA,NA,NA
"794",2007-11-19 01:00:00,"SBSP","SY2008",80,NA,NA,NA,NA,NA,NA,NA,NA,NA
"795",2007-11-19 02:00:00,"SBSP","SY2008",80,NA,NA,NA,NA,NA,NA,NA,NA,NA
"796",2007-11-19 03:00:00,"SBSP","SY2008",80,NA,NA,NA,NA,NA,NA,NA,NA,NA
"797",2007-11-19 04:00:00,"SBSP","SY2008",80,NA,NA,NA,NA,NA,NA,NA,NA,NA
"798",2007-11-19 05:00:00,"SBSP","SY2008",80,NA,NA,NA,NA,NA,NA,NA,NA,NA
"799",2007-11-19 06:00:00,"SBSP","SY2008",80,NA,NA,NA,NA,NA,NA,NA,NA,NA
"800",2007-11-19 07:00:00,"SBSP","SY2008",80,0.46,0.52,0.377939529675252,0,-0.02,0.69,0,0.2,0.2
"801",2007-11-19 08:00:00,"SBSP","SY2008",80,0.4,0.43,0.366363636363636,0.01,0.01,2.967,0,0.84,0.331033423959652
"802",2007-11-19 09:00:00,"SBSP","SY2008",80,0.38,0.46,0.299825174825175,0.01,0,4.0845,0,0.836616943474717,0.329729619606838
"803",2007-11-19 10:00:00,"SBSP","SY2008",80,0.37,0.46,0.29105245114844,0,-0.01,4.6765,0,0.2,0.2
"804",2007-11-19 11:00:00,"SBSP","SY2008",80,0.37,0.41,0.333809353802213,0.02,0.02,5.106,0,0.84,0.094752964082936
"805",2007-11-19 12:00:00,"SBSP","SY2008",80,0.38,0.41,0.339092872570194,0.01,-0.01,5.5565,0,0.836616943474717,0.095800189587718
"806",2007-11-19 13:00:00,"SBSP","SY2008",80,0.37,0.41,0.336352408398518,0.01,0,5.45,0,0.833267548924297,0.0968369950246254
"807",2007-11-19 14:00:00,"SBSP","SY2008",80,0.49,0.4,0.719153936545241,0.01,0,6.0525,0,0.829951481406493,0.0978634840750658
"808",2007-11-19 15:00:00,"SBSP","SY2008",80,0.3,0.34,0.267891476180303,0.01,0,4.842,0,0.82666840931179,0.0988797593887996
"809",2007-11-19 16:00:00,"SBSP","SY2008",80,0.47,NA,0.46953046953047,0.02,0.01,3.959,0,0.84,0.0998859225942052
"810",2007-11-19 17:00:00,"SBSP","SY2008",80,NA,NA,NA,NA,NA,NA,NA,NA,NA
"811",2007-11-19 18:00:00,"SBSP","SY2008",80,NA,NA,NA,NA,NA,NA,NA,NA,NA
"812",2007-11-19 19:00:00,"SBSP","SY2008",80,NA,NA,NA,NA,NA,NA,NA,NA,NA
"813",2007-11-19 20:00:00,"SBSP","SY2008",80,NA,NA,NA,NA,NA,NA,NA,NA,NA
"814",2007-11-19 21:00:00,"SBSP","SY2008",80,NA,NA,NA,NA,NA,NA,NA,NA,NA
"815",2007-11-19 22:00:00,"SBSP","SY2008",80,NA,NA,NA,NA,NA,NA,NA,NA,NA
"816",2007-11-19 23:00:00,"SBSP","SY2008",80,NA,NA,NA,NA,NA,NA,NA,NA,NA
"817",2007-11-20 00:00:00,"SBSP","SY2008",81,NA,NA,NA,NA,NA,NA,NA,NA,NA
"818",2007-11-20 01:00:00,"SBSP","SY2008",81,NA,NA,NA,NA,NA,NA,NA,NA,NA
"819",2007-11-20 02:00:00,"SBSP","SY2008",81,NA,NA,NA,NA,NA,NA,NA,NA,NA
"820",2007-11-20 03:00:00,"SBSP","SY2008",81,NA,NA,NA,NA,NA,NA,NA,NA,NA
"821",2007-11-20 04:00:00,"SBSP","SY2008",81,NA,NA,NA,NA,NA,NA,NA,NA,NA
"822",2007-11-20 05:00:00,"SBSP","SY2008",81,NA,NA,NA,NA,NA,NA,NA,NA,NA
"823",2007-11-20 06:00:00,"SBSP","SY2008",81,NA,NA,NA,NA,NA,NA,NA,NA,NA
"824",2007-11-20 07:00:00,"SBSP","SY2008",81,0.45,0.5,0.363008017694222,0.02,0,-0.00650000000000001,0,0.830609070513606,0.460465936214303
"825",2007-11-20 08:00:00,"SBSP","SY2008",81,0.39,0.43,0.345717234262126,0.03,0.01,0.262,0,0.84,0.537056616626945
"826",2007-11-20 09:00:00,"SBSP","SY2008",81,0.37,0.47,0.278750848608282,0.01,-0.02,0.7145,0,0.836616943474717,0.535375539738274
"827",2007-11-20 10:00:00,"SBSP","SY2008",81,0.36,0.45,0.293082244427364,0.01,0,0.765,0,0.833267548924297,0.533702847255564
"828",2007-11-20 11:00:00,"SBSP","SY2008",81,0.36,0.41,0.322440537745605,0.02,0.01,0.611,0,0.84,0.59484394070806
"829",2007-11-20 12:00:00,"SBSP","SY2008",81,0.36,0.41,0.31578947368421,0.01,-0.01,0.2075,0,0.836616943474717,0.592874648338135
"830",2007-11-20 13:00:00,"SBSP","SY2008",81,0.36,0.4,0.322885358522971,0.02,0.01,0.0265,0,0.84,0.641606448126341
"831",2007-11-20 14:00:00,"SBSP","SY2008",81,0.37,0.4,0.336904761904762,0.01,-0.01,0.6935,0,0.836616943474717,0.639403926777665
"832",2007-11-20 15:00:00,"SBSP","SY2008",81,0.36,0.42,0.30551222048882,0.02,0.01,0.155,0,0.84,0.678377776502159
"833",2007-11-20 16:00:00,"SBSP","SY2008",81,0.42,0.94,0.303486529318542,0.01,-0.01,-0.595,0,0.838606976724883,0.675991857388096
"834",2007-11-20 17:00:00,"SBSP","SY2008",81,NA,NA,NA,NA,NA,NA,NA,NA,NA
"835",2007-11-20 18:00:00,"SBSP","SY2008",81,NA,NA,NA,NA,NA,NA,NA,NA,NA
"836",2007-11-20 19:00:00,"SBSP","SY2008",81,NA,NA,NA,NA,NA,NA,NA,NA,NA
"837",2007-11-20 20:00:00,"SBSP","SY2008",81,NA,NA,NA,NA,NA,NA,NA,NA,NA
"838",2007-11-20 21:00:00,"SBSP","SY2008",81,NA,NA,NA,NA,NA,NA,NA,NA,NA
"839",2007-11-20 22:00:00,"SBSP","SY2008",81,NA,NA,NA,NA,NA,NA,NA,NA,NA
"840",2007-11-20 23:00:00,"SBSP","SY2008",81,NA,NA,NA,NA,NA,NA,NA,NA,NA
"841",2007-11-21 00:00:00,"SBSP","SY2008",82,NA,NA,NA,NA,NA,NA,NA,NA,NA
"842",2007-11-21 01:00:00,"SBSP","SY2008",82,NA,NA,NA,NA,NA,NA,NA,NA,NA
"843",2007-11-21 02:00:00,"SBSP","SY2008",82,NA,NA,NA,NA,NA,NA,NA,NA,NA
"844",2007-11-21 03:00:00,"SBSP","SY2008",82,NA,NA,NA,NA,NA,NA,NA,NA,NA
"845",2007-11-21 04:00:00,"SBSP","SY2008",82,NA,NA,NA,NA,NA,NA,NA,NA,NA
"846",2007-11-21 05:00:00,"SBSP","SY2008",82,NA,NA,NA,NA,NA,NA,NA,NA,NA
"847",2007-11-21 06:00:00,"SBSP","SY2008",82,NA,NA,NA,NA,NA,NA,NA,NA,NA
"848",2007-11-21 07:00:00,"SBSP","SY2008",82,0.62,0.61,0.62020202020202,0.06,-0.01,-16.075,0,0.834510521481325,0.580645815801807
"849",2007-11-21 08:00:00,"SBSP","SY2008",82,0.77,0.73,0.8301329394387,0.04,-0.02,-15.515,0,0.8331721194301,0.578747336875277
"850",2007-11-21 09:00:00,"SBSP","SY2008",82,0.81,0.72,0.915734526472781,0.05,0.01,-10.795,0,0.84,0.630713694406183
"851",2007-11-21 10:00:00,"SBSP","SY2008",82,0.79,0.71,0.876907927129493,0.03,-0.02,-8.495,0,0.838606976724883,0.628565500893335
"852",2007-11-21 11:00:00,"SBSP","SY2008",82,0.77,0.68,0.895664952240999,0.04,0.01,-7.191,0,0.84,0.66999356542074
"853",2007-11-21 12:00:00,"SBSP","SY2008",82,0.76,0.67,0.886225266362253,0.03,-0.01,-6.2765,0,0.838606976724883,0.667649462733898
"854",2007-11-21 13:00:00,"SBSP","SY2008",82,0.74,0.64,0.874702239161505,0.02,-0.01,-6.74,0,0.837227814262946,0.665317051307982
"855",2007-11-21 14:00:00,"SBSP","SY2008",82,0.84,0.64,1.18322475570033,0.04,0.02,-6.436,0,0.84,0.701391292307964
"856",2007-11-21 15:00:00,"SBSP","SY2008",82,0.79,0.7,0.896802841918295,0.04,0,-6.638,0,0.838606976724883,0.69889059280497
"857",2007-11-21 16:00:00,"SBSP","SY2008",82,0.84,0.79,0.891808346213292,0.04,0,-9.2,0,0.837227814262946,0.69640236559278
"858",2007-11-21 17:00:00,"SBSP","SY2008",82,NA,NA,NA,NA,NA,NA,NA,NA,NA
"859",2007-11-21 18:00:00,"SBSP","SY2008",82,NA,NA,NA,NA,NA,NA,NA,NA,NA
"860",2007-11-21 19:00:00,"SBSP","SY2008",82,NA,NA,NA,NA,NA,NA,NA,NA,NA
"861",2007-11-21 20:00:00,"SBSP","SY2008",82,NA,NA,NA,NA,NA,NA,NA,NA,NA
"862",2007-11-21 21:00:00,"SBSP","SY2008",82,NA,NA,NA,NA,NA,NA,NA,NA,NA
"863",2007-11-21 22:00:00,"SBSP","SY2008",82,NA,NA,NA,NA,NA,NA,NA,NA,NA
"864",2007-11-21 23:00:00,"SBSP","SY2008",82,NA,NA,NA,NA,NA,NA,NA,NA,NA
"865",2007-11-22 00:00:00,"SBSP","SY2008",83,NA,NA,NA,NA,NA,NA,NA,NA,NA
"866",2007-11-22 01:00:00,"SBSP","SY2008",83,NA,NA,NA,NA,NA,NA,NA,NA,NA
"867",2007-11-22 02:00:00,"SBSP","SY2008",83,NA,NA,NA,NA,NA,NA,NA,NA,NA
"868",2007-11-22 03:00:00,"SBSP","SY2008",83,NA,NA,NA,NA,NA,NA,NA,NA,NA
"869",2007-11-22 04:00:00,"SBSP","SY2008",83,NA,NA,NA,NA,NA,NA,NA,NA,NA
"870",2007-11-22 05:00:00,"SBSP","SY2008",83,NA,NA,NA,NA,NA,NA,NA,NA,NA
"871",2007-11-22 06:00:00,"SBSP","SY2008",83,NA,NA,NA,NA,NA,NA,NA,NA,NA
"872",2007-11-22 07:00:00,"SBSP","SY2008",83,0.81,0.76,0.858872493378736,0.03,-0.01,-10.69,0,0.834510521481325,0.740550782516563
"873",2007-11-22 08:00:00,"SBSP","SY2008",83,0.75,0.66,0.87347294938918,0.02,-0.01,-7.5185,0,0.8331721194301,0.73785477424135
"874",2007-11-22 09:00:00,"SBSP","SY2008",83,0.73,0.7,0.759888320148906,0.01,-0.01,-4.432,0,0.831847034701795,0.735172212363506
"875",2007-11-22 10:00:00,"SBSP","SY2008",83,0.72,0.72,0.722703639514731,0.02,0.01,-4.0295,0,0.84,0.754061887568757
"876",2007-11-22 11:00:00,"SBSP","SY2008",83,0.71,0.61,0.845224613061533,0.02,0,-3.768,0,0.838606976724883,0.751298492375966
"877",2007-11-22 12:00:00,"SBSP","SY2008",83,0.71,0.61,0.836470588235294,0.01,-0.01,-3.9555,0,0.837227814262946,0.748548879674198
"878",2007-11-22 13:00:00,"SBSP","SY2008",83,0.7,0.59,0.832193582325092,0.03,0.02,-3.7965,0,0.84,0.767077436215453
"879",2007-11-22 14:00:00,"SBSP","SY2008",83,0.76,0.6,1.00386847195358,0.03,0,-4.301,0,0.838606976724883,0.764249125702968
"880",2007-11-22 15:00:00,"SBSP","SY2008",83,0.73,0.64,0.845574057843997,0.04,0.01,-5.222,0,0.84,0.777222116785024
"881",2007-11-22 16:00:00,"SBSP","SY2008",83,0.82,0.77,0.853211009174312,0.03,-0.01,-5.38,0,0.838606976724883,0.774343209467115
"882",2007-11-22 17:00:00,"SBSP","SY2008",83,NA,NA,NA,NA,NA,NA,NA,NA,NA
"883",2007-11-22 18:00:00,"SBSP","SY2008",83,NA,NA,NA,NA,NA,NA,NA,NA,NA
"884",2007-11-22 19:00:00,"SBSP","SY2008",83,NA,NA,NA,NA,NA,NA,NA,NA,NA
"885",2007-11-22 20:00:00,"SBSP","SY2008",83,NA,NA,NA,NA,NA,NA,NA,NA,NA
"886",2007-11-22 21:00:00,"SBSP","SY2008",83,NA,NA,NA,NA,NA,NA,NA,NA,NA
"887",2007-11-22 22:00:00,"SBSP","SY2008",83,NA,NA,NA,NA,NA,NA,NA,NA,NA
"888",2007-11-22 23:00:00,"SBSP","SY2008",83,NA,NA,NA,NA,NA,NA,NA,NA,NA
"889",2007-11-23 00:00:00,"SBSP","SY2008",84,NA,NA,NA,NA,NA,NA,NA,NA,NA
"890",2007-11-23 01:00:00,"SBSP","SY2008",84,NA,NA,NA,NA,NA,NA,NA,NA,NA
"891",2007-11-23 02:00:00,"SBSP","SY2008",84,NA,NA,NA,NA,NA,NA,NA,NA,NA
"892",2007-11-23 03:00:00,"SBSP","SY2008",84,NA,NA,NA,NA,NA,NA,NA,NA,NA
"893",2007-11-23 04:00:00,"SBSP","SY2008",84,NA,NA,NA,NA,NA,NA,NA,NA,NA
"894",2007-11-23 05:00:00,"SBSP","SY2008",84,NA,NA,NA,NA,NA,NA,NA,NA,NA
"895",2007-11-23 06:00:00,"SBSP","SY2008",84,NA,NA,NA,NA,NA,NA,NA,NA,NA
"896",2007-11-23 07:00:00,"SBSP","SY2008",84,0.9,0.84,0.952490421455939,0.1,0.01,-10.045,0,0.84,0.814317547447815
"897",2007-11-23 08:00:00,"SBSP","SY2008",84,0.93,0.87,0.970072048771476,0.12,0.02,-10.165,0,0.84,0.819868828561786
"898",2007-11-23 09:00:00,"SBSP","SY2008",84,0.93,0.86,0.98328025477707,0.19,0.07,-9.525,0,0.84,0.836658070436218
"899",2007-11-23 10:00:00,"SBSP","SY2008",84,0.89,0.83,0.943759250123335,0.2,0.01,-8.94,0,0.84,0.835895480710339
"900",2007-11-23 11:00:00,"SBSP","SY2008",84,0.89,0.8,0.970117845117845,0.22,0.02,-8.302,0,0.84,0.837827615470254
"901",2007-11-23 12:00:00,"SBSP","SY2008",84,0.9,0.81,0.969905956112853,0.21,-0.01,-6.0255,0,0.838606976724883,0.834646436966614
"902",2007-11-23 13:00:00,"SBSP","SY2008",84,0.9,0.82,0.96694214876033,0.22,0.01,-11.06,0,0.84,0.834486939428074
"903",2007-11-23 14:00:00,"SBSP","SY2008",84,0.9,0.8,0.974511469838573,0.25,0.03,-9.865,0,0.84,0.839339875158672
"904",2007-11-23 15:00:00,"SBSP","SY2008",84,0.89,0.8,0.973452669902912,0.24,-0.01,-10.77,0,0.838606976724883,0.836151154228371
"905",2007-11-23 16:00:00,"SBSP","SY2008",84,0.89,0.8,0.981656804733728,0.25,0.01,-11.625,0,0.84,0.835947922552558
"906",2007-11-23 17:00:00,"SBSP","SY2008",84,NA,NA,NA,NA,NA,NA,NA,NA,NA
"907",2007-11-23 18:00:00,"SBSP","SY2008",84,NA,NA,NA,NA,NA,NA,NA,NA,NA
"908",2007-11-23 19:00:00,"SBSP","SY2008",84,NA,NA,NA,NA,NA,NA,NA,NA,NA
"909",2007-11-23 20:00:00,"SBSP","SY2008",84,NA,NA,NA,NA,NA,NA,NA,NA,NA
"910",2007-11-23 21:00:00,"SBSP","SY2008",84,NA,NA,NA,NA,NA,NA,NA,NA,NA
"911",2007-11-23 22:00:00,"SBSP","SY2008",84,NA,NA,NA,NA,NA,NA,NA,NA,NA
"912",2007-11-23 23:00:00,"SBSP","SY2008",84,NA,NA,NA,NA,NA,NA,NA,NA,NA
"913",2007-11-24 00:00:00,"SBSP","SY2008",85,NA,NA,NA,NA,NA,NA,NA,NA,NA
"914",2007-11-24 01:00:00,"SBSP","SY2008",85,NA,NA,NA,NA,NA,NA,NA,NA,NA
"915",2007-11-24 02:00:00,"SBSP","SY2008",85,NA,NA,NA,NA,NA,NA,NA,NA,NA
"916",2007-11-24 03:00:00,"SBSP","SY2008",85,NA,NA,NA,NA,NA,NA,NA,NA,NA
"917",2007-11-24 04:00:00,"SBSP","SY2008",85,NA,NA,NA,NA,NA,NA,NA,NA,NA
"918",2007-11-24 05:00:00,"SBSP","SY2008",85,NA,NA,NA,NA,NA,NA,NA,NA,NA
"919",2007-11-24 06:00:00,"SBSP","SY2008",85,NA,NA,NA,NA,NA,NA,NA,NA,NA
"920",2007-11-24 07:00:00,"SBSP","SY2008",85,0.93,NA,NA,0.21,-0.04,-15.73,0,0.822933360328879,0.800078896025929
"921",2007-11-24 08:00:00,"SBSP","SY2008",85,0.86,0.81,0.910094637223975,0.22,0.01,-12.84,0,0.84,0.807168776720557
"922",2007-11-24 09:00:00,"SBSP","SY2008",85,0.83,0.79,0.87983614019117,0.22,0,-9.96,0,0.838606976724883,0.804140509813109
"923",2007-11-24 10:00:00,"SBSP","SY2008",85,0.83,0.83,0.825268817204301,0.21,-0.01,-8.159,0,0.837227814262946,0.801127346449873
"924",2007-11-24 11:00:00,"SBSP","SY2008",85,0.82,0.71,0.970905172413793,0.19,-0.02,-6.306,0,0.835862374696791,0.798129211301607
"925",2007-11-24 12:00:00,"SBSP","SY2008",85,0.82,0.7,0.971784536460242,0.2,0.01,-5.058,0,0.84,0.805446752969468
"926",2007-11-24 13:00:00,"SBSP","SY2008",85,0.79,0.67,0.957178841309823,0.18,-0.02,-3.744,0,0.838606976724883,0.80242707469131
"927",2007-11-24 14:00:00,"SBSP","SY2008",85,0.98,0.63,2.01468788249694,NA,NA,NA,NA,NA,NA
"928",2007-11-24 15:00:00,"SBSP","SY2008",85,0.68,0.5,0.819934282584885,0.21,0.02,-4.4715,0,0.84,0.816286489227834
"929",2007-11-24 16:00:00,"SBSP","SY2008",85,NA,NA,NA,NA,NA,NA,NA,NA,NA
"930",2007-11-24 17:00:00,"SBSP","SY2008",85,NA,NA,NA,NA,NA,NA,NA,NA,NA
"931",2007-11-24 18:00:00,"SBSP","SY2008",85,NA,NA,NA,NA,NA,NA,NA,NA,NA
"932",2007-11-24 19:00:00,"SBSP","SY2008",85,NA,NA,NA,NA,NA,NA,NA,NA,NA
"933",2007-11-24 20:00:00,"SBSP","SY2008",85,NA,NA,NA,NA,NA,NA,NA,NA,NA
"934",2007-11-24 21:00:00,"SBSP","SY2008",85,NA,NA,NA,NA,NA,NA,NA,NA,NA
"935",2007-11-24 22:00:00,"SBSP","SY2008",85,NA,NA,NA,NA,NA,NA,NA,NA,NA
"936",2007-11-24 23:00:00,"SBSP","SY2008",85,NA,NA,NA,NA,NA,NA,NA,NA,NA
